segment,country,product,discount_band,units_sold,manufacturing_price,sale_price,gross_sales,discounts,sales,cogs,profit,date,month_number,month_name,year,net_income,total_assets,equity,liabilities,current_assets,current_liabilities,roa,roe,marge_nette,endettement,liquidite,rotation_actifs,Cluster
Government,Canada,Carretera,none,1618.5,3.0,20.0,32370.0,3108.0,32370.0,16185.0,16185.0,,1, January ,2014,16185.0,323700.0,64740.0,258960.0,161850.0,97110.0,0.05,0.25,0.5,4.0,1.6666666666666667,0.1,0
Government,Germany,Carretera,none,1321.0,3.0,20.0,26420.0,3108.0,26420.0,13210.0,13210.0,,1, January ,2014,13210.0,264200.0,52840.0,211360.0,132100.0,79260.0,0.05,0.25,0.5,4.0,1.6666666666666667,0.1,0
Midmarket,France,Carretera,none,2178.0,3.0,15.0,32670.0,3108.0,32670.0,21780.0,10890.0,,6, June ,2014,10890.0,326700.0,65340.0,261360.0,163350.0,98010.0,0.03333333333333333,0.16666666666666666,0.3333333333333333,4.0,1.6666666666666667,0.1,1
Midmarket,Germany,Carretera,none,888.0,3.0,15.0,13320.0,3108.0,13320.0,8880.0,4440.0,,6, June ,2014,4440.0,133200.0,26640.0,106560.0,66600.0,39960.0,0.03333333333333333,0.16666666666666666,0.3333333333333333,4.0,1.6666666666666667,0.1,1
Midmarket,Mexico,Carretera,none,2470.0,3.0,15.0,37050.0,3108.0,37050.0,24700.0,12350.0,,6, June ,2014,12350.0,370500.0,74100.0,296400.0,185250.0,111150.0,0.03333333333333333,0.16666666666666666,0.3333333333333333,4.0,1.6666666666666667,0.1,1
Government,Germany,Carretera,none,1513.0,3.0,350.0,529550.0,3108.0,529550.0,393380.0,136170.0,,12, December ,2014,136170.0,5295500.0,1059100.0,4236400.0,2647750.0,1588650.0,0.025714285714285714,0.12857142857142856,0.2571428571428571,4.0,1.6666666666666667,0.1,1
Midmarket,Germany,Montana,none,921.0,5.0,15.0,13815.0,3108.0,13815.0,9210.0,4605.0,,3, March ,2014,4605.0,138150.0,27630.0,110520.0,69075.0,41445.0,0.03333333333333333,0.16666666666666666,0.3333333333333333,4.0,1.6666666666666667,0.1,1
Channel Partners,Canada,Montana,none,2518.0,5.0,12.0,30216.0,3108.0,30216.0,7554.0,22662.0,,6, June ,2014,22662.0,302160.0,60432.0,241728.0,151080.0,90648.0,0.075,0.375,0.75,4.0,1.6666666666666667,0.1,0
Government,France,Montana,none,1899.0,5.0,20.0,37980.0,3108.0,37980.0,18990.0,18990.0,,6, June ,2014,18990.0,379800.0,75960.0,303840.0,189900.0,113940.0,0.05,0.25,0.5,4.0,1.6666666666666667,0.1,0
Channel Partners,Germany,Montana,none,1545.0,5.0,12.0,18540.0,3108.0,18540.0,4635.0,13905.0,,6, June ,2014,13905.0,185400.0,37080.0,148320.0,92700.0,55620.0,0.075,0.375,0.75,4.0,1.6666666666666667,0.1,0
Midmarket,Mexico,Montana,none,2470.0,5.0,15.0,37050.0,3108.0,37050.0,24700.0,12350.0,,6, June ,2014,12350.0,370500.0,74100.0,296400.0,185250.0,111150.0,0.03333333333333333,0.16666666666666666,0.3333333333333333,4.0,1.6666666666666667,0.1,1
Enterprise,Canada,Montana,none,2665.5,5.0,125.0,333187.5,3108.0,333187.5,319860.0,13327.5,,7, July ,2014,13327.5,3331875.0,666375.0,2665500.0,1665937.5,999562.5,0.004,0.02,0.04,4.0,1.6666666666666667,0.1,1
Small Business,Mexico,Montana,none,958.0,5.0,300.0,287400.0,3108.0,287400.0,239500.0,47900.0,,8, August ,2014,47900.0,2874000.0,574800.0,2299200.0,1437000.0,862200.0,0.016666666666666666,0.08333333333333333,0.16666666666666666,4.0,1.6666666666666667,0.1,1
Government,Germany,Montana,none,2146.0,5.0,7.0,15022.0,3108.0,15022.0,10730.0,4292.0,,9, September ,2014,4292.0,150220.0,30044.0,120176.0,75110.0,45066.0,0.02857142857142857,0.14285714285714285,0.2857142857142857,4.0,1.6666666666666667,0.1,1
Enterprise,Canada,Montana,none,345.0,5.0,125.0,43125.0,3108.0,43125.0,41400.0,1725.0,,10, October ,2013,1725.0,431250.0,86250.0,345000.0,215625.0,129375.0,0.004,0.02,0.04,4.0,1.6666666666666667,0.1,1
Midmarket,United States of America,Montana,none,615.0,5.0,15.0,9225.0,3108.0,9225.0,6150.0,3075.0,,12, December ,2014,3075.0,92250.0,18450.0,73800.0,46125.0,27675.0,0.03333333333333333,0.16666666666666666,0.3333333333333333,4.0,1.6666666666666667,0.1,1
Government,Canada,Paseo,none,292.0,10.0,20.0,5840.0,3108.0,5840.0,2920.0,2920.0,,2, February ,2014,2920.0,58400.0,11680.0,46720.0,29200.0,17520.0,0.05,0.25,0.5,4.0,1.6666666666666667,0.1,0
Midmarket,Mexico,Paseo,none,974.0,10.0,15.0,14610.0,3108.0,14610.0,9740.0,4870.0,,2, February ,2014,4870.0,146100.0,29220.0,116880.0,73050.0,43830.0,0.03333333333333333,0.16666666666666666,0.3333333333333333,4.0,1.6666666666666667,0.1,1
Channel Partners,Canada,Paseo,none,2518.0,10.0,12.0,30216.0,3108.0,30216.0,7554.0,22662.0,,6, June ,2014,22662.0,302160.0,60432.0,241728.0,151080.0,90648.0,0.075,0.375,0.75,4.0,1.6666666666666667,0.1,0
Government,Germany,Paseo,none,1006.0,10.0,350.0,352100.0,3108.0,352100.0,261560.0,90540.0,,6, June ,2014,90540.0,3521000.0,704200.0,2816800.0,1760500.0,1056300.0,0.025714285714285714,0.12857142857142856,0.2571428571428571,4.0,1.6666666666666667,0.1,1
Channel Partners,Germany,Paseo,none,367.0,10.0,12.0,4404.0,3108.0,4404.0,1101.0,3303.0,,7, July ,2014,3303.0,44040.0,8808.0,35232.0,22020.0,13212.0,0.075,0.375,0.75,4.0,1.6666666666666667,0.1,0
Government,Mexico,Paseo,none,883.0,10.0,7.0,6181.0,3108.0,6181.0,4415.0,1766.0,,8, August ,2014,1766.0,61810.0,12362.0,49448.0,30905.0,18543.0,0.02857142857142857,0.14285714285714285,0.2857142857142857,4.0,1.6666666666666667,0.1,1
Midmarket,France,Paseo,none,549.0,10.0,15.0,8235.0,3108.0,8235.0,5490.0,2745.0,,9, September ,2013,2745.0,82350.0,16470.0,65880.0,41175.0,24705.0,0.03333333333333333,0.16666666666666666,0.3333333333333333,4.0,1.6666666666666667,0.1,1
Small Business,Mexico,Paseo,none,788.0,10.0,300.0,236400.0,3108.0,236400.0,197000.0,39400.0,,9, September ,2013,39400.0,2364000.0,472800.0,1891200.0,1182000.0,709200.0,0.016666666666666666,0.08333333333333333,0.16666666666666666,4.0,1.6666666666666667,0.1,1
Midmarket,Mexico,Paseo,none,2472.0,10.0,15.0,37080.0,3108.0,37080.0,24720.0,12360.0,,9, September ,2014,12360.0,370800.0,74160.0,296640.0,185400.0,111240.0,0.03333333333333333,0.16666666666666666,0.3333333333333333,4.0,1.6666666666666667,0.1,1
Government,United States of America,Paseo,none,1143.0,10.0,7.0,8001.0,3108.0,8001.0,5715.0,2286.0,,10, October ,2014,2286.0,80010.0,16002.0,64008.0,40005.0,24003.0,0.02857142857142857,0.14285714285714285,0.2857142857142857,4.0,1.6666666666666667,0.1,1
Government,Canada,Paseo,none,1725.0,10.0,350.0,603750.0,3108.0,603750.0,448500.0,155250.0,,11, November ,2013,155250.0,6037500.0,1207500.0,4830000.0,3018750.0,1811250.0,0.025714285714285714,0.12857142857142856,0.2571428571428571,4.0,1.6666666666666667,0.1,1
Channel Partners,United States of America,Paseo,none,912.0,10.0,12.0,10944.0,3108.0,10944.0,2736.0,8208.0,,11, November ,2013,8208.0,109440.0,21888.0,87552.0,54720.0,32832.0,0.075,0.375,0.75,4.0,1.6666666666666667,0.1,0
Midmarket,Canada,Paseo,none,2152.0,10.0,15.0,32280.0,3108.0,32280.0,21520.0,10760.0,,12, December ,2013,10760.0,322800.0,64560.0,258240.0,161400.0,96840.0,0.03333333333333333,0.16666666666666666,0.3333333333333333,4.0,1.6666666666666667,0.1,1
Government,Canada,Paseo,none,1817.0,10.0,20.0,36340.0,3108.0,36340.0,18170.0,18170.0,,12, December ,2014,18170.0,363400.0,72680.0,290720.0,181700.0,109020.0,0.05,0.25,0.5,4.0,1.6666666666666667,0.1,0
Government,Germany,Paseo,none,1513.0,10.0,350.0,529550.0,3108.0,529550.0,393380.0,136170.0,,12, December ,2014,136170.0,5295500.0,1059100.0,4236400.0,2647750.0,1588650.0,0.025714285714285714,0.12857142857142856,0.2571428571428571,4.0,1.6666666666666667,0.1,1
Government,Mexico,Velo,none,1493.0,120.0,7.0,10451.0,3108.0,10451.0,7465.0,2986.0,,1, January ,2014,2986.0,104510.0,20902.0,83608.0,52255.0,31353.0,0.02857142857142857,0.14285714285714285,0.2857142857142857,4.0,1.6666666666666667,0.1,1
Enterprise,France,Velo,none,1804.0,120.0,125.0,225500.0,3108.0,225500.0,216480.0,9020.0,,2, February ,2014,9020.0,2255000.0,451000.0,1804000.0,1127500.0,676500.0,0.004,0.02,0.04,4.0,1.6666666666666667,0.1,1
Channel Partners,Germany,Velo,none,2161.0,120.0,12.0,25932.0,3108.0,25932.0,6483.0,19449.0,,3, March ,2014,19449.0,259320.0,51864.0,207456.0,129660.0,77796.0,0.075,0.375,0.75,4.0,1.6666666666666667,0.1,0
Government,Germany,Velo,none,1006.0,120.0,350.0,352100.0,3108.0,352100.0,261560.0,90540.0,,6, June ,2014,90540.0,3521000.0,704200.0,2816800.0,1760500.0,1056300.0,0.025714285714285714,0.12857142857142856,0.2571428571428571,4.0,1.6666666666666667,0.1,1
Channel Partners,Germany,Velo,none,1545.0,120.0,12.0,18540.0,3108.0,18540.0,4635.0,13905.0,,6, June ,2014,13905.0,185400.0,37080.0,148320.0,92700.0,55620.0,0.075,0.375,0.75,4.0,1.6666666666666667,0.1,0
Enterprise,United States of America,Velo,none,2821.0,120.0,125.0,352625.0,3108.0,352625.0,338520.0,14105.0,,8, August ,2014,14105.0,3526250.0,705250.0,2821000.0,1763125.0,1057875.0,0.004,0.02,0.04,4.0,1.6666666666666667,0.1,1
Enterprise,Canada,Velo,none,345.0,120.0,125.0,43125.0,3108.0,43125.0,41400.0,1725.0,,10, October ,2013,1725.0,431250.0,86250.0,345000.0,215625.0,129375.0,0.004,0.02,0.04,4.0,1.6666666666666667,0.1,1
Small Business,Canada,VTT,none,2001.0,250.0,300.0,600300.0,3108.0,600300.0,500250.0,100050.0,,2, February ,2014,100050.0,6003000.0,1200600.0,4802400.0,3001500.0,1800900.0,0.016666666666666666,0.08333333333333333,0.16666666666666666,4.0,1.6666666666666667,0.1,1
Channel Partners,Germany,VTT,none,2838.0,250.0,12.0,34056.0,3108.0,34056.0,8514.0,25542.0,,4, April ,2014,25542.0,340560.0,68112.0,272448.0,170280.0,102168.0,0.075,0.375,0.75,4.0,1.6666666666666667,0.1,0
Midmarket,France,VTT,none,2178.0,250.0,15.0,32670.0,3108.0,32670.0,21780.0,10890.0,,6, June ,2014,10890.0,326700.0,65340.0,261360.0,163350.0,98010.0,0.03333333333333333,0.16666666666666666,0.3333333333333333,4.0,1.6666666666666667,0.1,1
Midmarket,Germany,VTT,none,888.0,250.0,15.0,13320.0,3108.0,13320.0,8880.0,4440.0,,6, June ,2014,4440.0,133200.0,26640.0,106560.0,66600.0,39960.0,0.03333333333333333,0.16666666666666666,0.3333333333333333,4.0,1.6666666666666667,0.1,1
Government,France,VTT,none,1527.0,250.0,350.0,534450.0,3108.0,534450.0,397020.0,137430.0,,9, September ,2013,137430.0,5344500.0,1068900.0,4275600.0,2672250.0,1603350.0,0.025714285714285714,0.12857142857142856,0.2571428571428571,4.0,1.6666666666666667,0.1,1
Small Business,France,VTT,none,2151.0,250.0,300.0,645300.0,3108.0,645300.0,537750.0,107550.0,,9, September ,2014,107550.0,6453000.0,1290600.0,5162400.0,3226500.0,1935900.0,0.016666666666666666,0.08333333333333333,0.16666666666666666,4.0,1.6666666666666667,0.1,1
Government,Canada,VTT,none,1817.0,250.0,20.0,36340.0,3108.0,36340.0,18170.0,18170.0,,12, December ,2014,18170.0,363400.0,72680.0,290720.0,181700.0,109020.0,0.05,0.25,0.5,4.0,1.6666666666666667,0.1,0
Government,France,Amarilla,none,2750.0,260.0,350.0,962500.0,3108.0,962500.0,715000.0,247500.0,,2, February ,2014,247500.0,9625000.0,1925000.0,7700000.0,4812500.0,2887500.0,0.025714285714285714,0.12857142857142856,0.2571428571428571,4.0,1.6666666666666667,0.1,1
Channel Partners,United States of America,Amarilla,none,1953.0,260.0,12.0,23436.0,3108.0,23436.0,5859.0,17577.0,,4, April ,2014,17577.0,234360.0,46872.0,187488.0,117180.0,70308.0,0.075,0.375,0.75,4.0,1.6666666666666667,0.1,0
Enterprise,Germany,Amarilla,none,4219.5,260.0,125.0,527437.5,3108.0,527437.5,506340.0,21097.5,,4, April ,2014,21097.5,5274375.0,1054875.0,4219500.0,2637187.5,1582312.5,0.004,0.02,0.04,4.0,1.6666666666666667,0.1,1
Government,France,Amarilla,none,1899.0,260.0,20.0,37980.0,3108.0,37980.0,18990.0,18990.0,,6, June ,2014,18990.0,379800.0,75960.0,303840.0,189900.0,113940.0,0.05,0.25,0.5,4.0,1.6666666666666667,0.1,0
Government,Germany,Amarilla,none,1686.0,260.0,7.0,11802.0,3108.0,11802.0,8430.0,3372.0,,7, July ,2014,3372.0,118020.0,23604.0,94416.0,59010.0,35406.0,0.02857142857142857,0.14285714285714285,0.2857142857142857,4.0,1.6666666666666667,0.1,1
Channel Partners,United States of America,Amarilla,none,2141.0,260.0,12.0,25692.0,3108.0,25692.0,6423.0,19269.0,,8, August ,2014,19269.0,256920.0,51384.0,205536.0,128460.0,77076.0,0.075,0.375,0.75,4.0,1.6666666666666667,0.1,0
Government,United States of America,Amarilla,none,1143.0,260.0,7.0,8001.0,3108.0,8001.0,5715.0,2286.0,,10, October ,2014,2286.0,80010.0,16002.0,64008.0,40005.0,24003.0,0.02857142857142857,0.14285714285714285,0.2857142857142857,4.0,1.6666666666666667,0.1,1
Midmarket,United States of America,Amarilla,none,615.0,260.0,15.0,9225.0,3108.0,9225.0,6150.0,3075.0,,12, December ,2014,3075.0,92250.0,18450.0,73800.0,46125.0,27675.0,0.03333333333333333,0.16666666666666666,0.3333333333333333,4.0,1.6666666666666667,0.1,1
Government,France,Paseo,low,3945.0,10.0,7.0,27615.0,276.15,27338.85,19725.0,7613.85,,1, January ,2014,7613.85,273388.5,54677.700000000004,218710.80000000002,136694.25,82016.55,0.02784992784992785,0.13924963924963923,0.2784992784992785,4.0,1.6666666666666665,0.09999999999999999,1
Midmarket,France,Paseo,low,2296.0,10.0,15.0,34440.0,344.4,34095.6,22960.0,11135.6,,2, February ,2014,11135.6,340956.0,68191.2,272764.8,170478.0,102286.8,0.03265993265993266,0.1632996632996633,0.3265993265993266,4.0,1.6666666666666665,0.09999999999999999,1
Government,France,Paseo,low,1030.0,10.0,7.0,7210.0,72.1,7137.9,5150.0,1987.9,,5, May ,2014,1987.9,71379.0,14275.800000000001,57103.200000000004,35689.5,21413.7,0.02784992784992785,0.13924963924963923,0.2784992784992785,4.0,1.6666666666666665,0.09999999999999999,1
Government,France,Velo,low,639.0,120.0,7.0,4473.0,44.73,4428.27,3195.0,1233.27,,11, November ,2014,1233.27,44282.700000000004,8856.54,35426.16,22141.350000000002,13284.810000000001,0.027849927849927847,0.13924963924963923,0.27849927849927847,4.0,1.6666666666666667,0.1,1
Government,Canada,VTT,low,1326.0,250.0,7.0,9282.0,92.82,9189.18,6630.0,2559.18,,3, March ,2014,2559.18,91891.8,18378.36,73513.44,45945.9,27567.54,0.027849927849927847,0.13924963924963923,0.27849927849927847,4.0,1.6666666666666667,0.1,1
Channel Partners,United States of America,Carretera,low,1858.0,3.0,12.0,22296.0,222.96,22073.04,5574.0,16499.04,,2, February ,2014,16499.04,220730.40000000002,44146.08000000001,176584.32000000004,110365.20000000001,66219.12000000001,0.07474747474747474,0.3737373737373737,0.7474747474747475,4.0,1.6666666666666665,0.09999999999999999,0
Government,Mexico,Carretera,low,1210.0,3.0,350.0,423500.0,4235.0,419265.0,314600.0,104665.0,,3, March ,2014,104665.0,4192650.0,838530.0,3354120.0,2096325.0,1257795.0,0.024963924963924963,0.12481962481962482,0.24963924963924963,4.0,1.6666666666666667,0.1,1
Government,United States of America,Carretera,low,2529.0,3.0,7.0,17703.0,177.03,17525.97,12645.0,4880.97,,7, July ,2014,4880.97,175259.7,35051.94,140207.76,87629.85,52577.91,0.02784992784992785,0.13924963924963923,0.27849927849927847,4.0,1.6666666666666667,0.1,1
Channel Partners,Canada,Carretera,low,1445.0,3.0,12.0,17340.0,173.4,17166.6,4335.0,12831.6,,9, September ,2014,12831.6,171666.0,34333.200000000004,137332.80000000002,85833.0,51499.799999999996,0.07474747474747474,0.3737373737373737,0.7474747474747475,4.0,1.6666666666666667,0.09999999999999999,0
Enterprise,United States of America,Carretera,low,330.0,3.0,125.0,41250.0,412.5,40837.5,39600.0,1237.5,,9, September ,2013,1237.5,408375.0,81675.0,326700.0,204187.5,122512.5,0.0030303030303030303,0.015151515151515152,0.030303030303030304,4.0,1.6666666666666667,0.1,1
Channel Partners,France,Carretera,low,2671.0,3.0,12.0,32052.0,320.52,31731.48,8013.0,23718.48,,9, September ,2014,23718.48,317314.8,63462.96,253851.84,158657.4,95194.43999999999,0.07474747474747474,0.37373737373737376,0.7474747474747475,4.0,1.6666666666666667,0.1,0
Channel Partners,Germany,Carretera,low,766.0,3.0,12.0,9192.0,91.92,9100.08,2298.0,6802.08,,10, October ,2013,6802.08,91000.8,18200.16,72800.64,45500.4,27300.24,0.07474747474747474,0.37373737373737376,0.7474747474747475,4.0,1.6666666666666665,0.09999999999999999,0
Small Business,Mexico,Carretera,low,494.0,3.0,300.0,148200.0,1482.0,146718.0,123500.0,23218.0,,10, October ,2013,23218.0,1467180.0,293436.0,1173744.0,733590.0,440154.0,0.015824915824915825,0.07912457912457913,0.15824915824915825,4.0,1.6666666666666667,0.1,1
Government,Mexico,Carretera,low,1397.0,3.0,350.0,488950.0,4889.5,484060.5,363220.0,120840.5,,10, October ,2014,120840.5,4840605.0,968121.0,3872484.0,2420302.5,1452181.5,0.024963924963924963,0.12481962481962482,0.24963924963924963,4.0,1.6666666666666667,0.1,1
Government,France,Carretera,low,2155.0,3.0,350.0,754250.0,7542.5,746707.5,560300.0,186407.5,,12, December ,2014,186407.5,7467075.0,1493415.0,5973660.0,3733537.5,2240122.5,0.024963924963924963,0.12481962481962482,0.24963924963924963,4.0,1.6666666666666667,0.1,1
Midmarket,Mexico,Montana,low,2214.0,5.0,15.0,33210.0,332.1,32877.9,22140.0,10737.9,,3, March ,2014,10737.9,328779.0,65755.8,263023.2,164389.5,98633.7,0.03265993265993266,0.16329966329966328,0.32659932659932656,4.0,1.6666666666666667,0.1,1
Small Business,United States of America,Montana,low,2301.0,5.0,300.0,690300.0,6903.0,683397.0,575250.0,108147.0,,4, April ,2014,108147.0,6833970.0,1366794.0,5467176.0,3416985.0,2050191.0,0.015824915824915825,0.07912457912457913,0.15824915824915825,4.0,1.6666666666666667,0.1,1
Government,France,Montana,low,1375.5,5.0,20.0,27510.0,275.1,27234.9,13755.0,13479.9,,7, July ,2014,13479.9,272349.0,54469.8,217879.2,136174.5,81704.7,0.049494949494949494,0.24747474747474746,0.4949494949494949,4.0,1.6666666666666667,0.1,0
Government,Canada,Montana,low,1830.0,5.0,7.0,12810.0,128.1,12681.9,9150.0,3531.9,,8, August ,2014,3531.9,126819.0,25363.800000000003,101455.20000000001,63409.5,38045.7,0.02784992784992785,0.13924963924963923,0.2784992784992785,4.0,1.6666666666666667,0.09999999999999999,1
Small Business,United States of America,Montana,low,2498.0,5.0,300.0,749400.0,7494.0,741906.0,624500.0,117406.0,,9, September ,2013,117406.0,7419060.0,1483812.0,5935248.0,3709530.0,2225718.0,0.015824915824915825,0.07912457912457913,0.15824915824915825,4.0,1.6666666666666667,0.1,1
Enterprise,United States of America,Montana,low,663.0,5.0,125.0,82875.0,828.75,82046.25,79560.0,2486.25,,10, October ,2013,2486.25,820462.5,164092.5,656370.0,410231.25,246138.75,0.0030303030303030303,0.015151515151515152,0.030303030303030304,4.0,1.6666666666666667,0.1,1
Midmarket,United States of America,Paseo,low,1514.0,10.0,15.0,22710.0,227.1,22482.9,15140.0,7342.9,,2, February ,2014,7342.9,224829.0,44965.8,179863.2,112414.5,67448.7,0.03265993265993266,0.16329966329966328,0.32659932659932656,4.0,1.6666666666666667,0.1,1
Government,United States of America,Paseo,low,4492.5,10.0,7.0,31447.5,314.48,31133.03,22462.5,8670.53,,4, April ,2014,8670.53,311330.3,62266.06,249064.24,155665.15,93399.09,0.027849939437311438,0.1392496971865572,0.2784993943731144,4.0,1.6666666666666667,0.1,1
Enterprise,United States of America,Paseo,low,727.0,10.0,125.0,90875.0,908.75,89966.25,87240.0,2726.25,,6, June ,2014,2726.25,899662.5,179932.5,719730.0,449831.25,269898.75,0.0030303030303030303,0.015151515151515152,0.030303030303030304,4.0,1.6666666666666667,0.1,1
Enterprise,France,Paseo,low,787.0,10.0,125.0,98375.0,983.75,97391.25,94440.0,2951.25,,6, June ,2014,2951.25,973912.5,194782.5,779130.0,486956.25,292173.75,0.0030303030303030303,0.015151515151515152,0.030303030303030304,4.0,1.6666666666666667,0.1,1
Enterprise,Mexico,Paseo,low,1823.0,10.0,125.0,227875.0,2278.75,225596.25,218760.0,6836.25,,7, July ,2014,6836.25,2255962.5,451192.5,1804770.0,1127981.25,676788.75,0.0030303030303030303,0.015151515151515152,0.030303030303030304,4.0,1.6666666666666667,0.1,1
Midmarket,Germany,Paseo,low,747.0,10.0,15.0,11205.0,112.05,11092.95,7470.0,3622.95,,9, September ,2014,3622.95,110929.5,22185.9,88743.6,55464.75,33278.85,0.03265993265993266,0.16329966329966328,0.32659932659932656,4.0,1.6666666666666667,0.1,1
Channel Partners,Germany,Paseo,low,766.0,10.0,12.0,9192.0,91.92,9100.08,2298.0,6802.08,,10, October ,2013,6802.08,91000.8,18200.16,72800.64,45500.4,27300.24,0.07474747474747474,0.37373737373737376,0.7474747474747475,4.0,1.6666666666666665,0.09999999999999999,0
Small Business,United States of America,Paseo,low,2905.0,10.0,300.0,871500.0,8715.0,862785.0,726250.0,136535.0,,11, November ,2014,136535.0,8627850.0,1725570.0,6902280.0,4313925.0,2588355.0,0.015824915824915825,0.07912457912457913,0.15824915824915825,4.0,1.6666666666666667,0.1,1
Government,France,Paseo,low,2155.0,10.0,350.0,754250.0,7542.5,746707.5,560300.0,186407.5,,12, December ,2014,186407.5,7467075.0,1493415.0,5973660.0,3733537.5,2240122.5,0.024963924963924963,0.12481962481962482,0.24963924963924963,4.0,1.6666666666666667,0.1,1
Government,France,Velo,low,3864.0,120.0,20.0,77280.0,772.8,76507.2,38640.0,37867.2,,4, April ,2014,37867.2,765072.0,153014.4,612057.6,382536.0,229521.6,0.049494949494949494,0.24747474747474746,0.4949494949494949,4.0,1.6666666666666665,0.09999999999999999,0
Government,Mexico,Velo,low,362.0,120.0,7.0,2534.0,25.34,2508.66,1810.0,698.66,,5, May ,2014,698.66,25086.6,5017.32,20069.28,12543.3,7525.98,0.02784992784992785,0.13924963924963926,0.2784992784992785,4.0,1.6666666666666667,0.1,1
Enterprise,Canada,Velo,low,923.0,120.0,125.0,115375.0,1153.75,114221.25,110760.0,3461.25,,8, August ,2014,3461.25,1142212.5,228442.5,913770.0,571106.25,342663.75,0.0030303030303030303,0.015151515151515152,0.030303030303030304,4.0,1.6666666666666667,0.1,1
Enterprise,United States of America,Velo,low,663.0,120.0,125.0,82875.0,828.75,82046.25,79560.0,2486.25,,10, October ,2013,2486.25,820462.5,164092.5,656370.0,410231.25,246138.75,0.0030303030303030303,0.015151515151515152,0.030303030303030304,4.0,1.6666666666666667,0.1,1
Government,Canada,Velo,low,2092.0,120.0,7.0,14644.0,146.44,14497.56,10460.0,4037.56,,11, November ,2013,4037.56,144975.6,28995.120000000003,115980.48000000001,72487.8,43492.68,0.027849927849927847,0.13924963924963923,0.2784992784992785,4.0,1.6666666666666667,0.09999999999999999,1
Government,Germany,VTT,low,263.0,250.0,7.0,1841.0,18.41,1822.59,1315.0,507.59,,3, March ,2014,507.59,18225.899999999998,3645.18,14580.72,9112.949999999999,5467.7699999999995,0.02784992784992785,0.13924963924963926,0.2784992784992785,4.0,1.6666666666666665,0.1,1
Government,Canada,VTT,low,943.5,250.0,350.0,330225.0,3302.25,326922.75,245310.0,81612.75,,4, April ,2014,81612.75,3269227.5,653845.5,2615382.0,1634613.75,980768.25,0.024963924963924963,0.12481962481962482,0.24963924963924963,4.0,1.6666666666666667,0.1,1
Enterprise,United States of America,VTT,low,727.0,250.0,125.0,90875.0,908.75,89966.25,87240.0,2726.25,,6, June ,2014,2726.25,899662.5,179932.5,719730.0,449831.25,269898.75,0.0030303030303030303,0.015151515151515152,0.030303030303030304,4.0,1.6666666666666667,0.1,1
Enterprise,France,VTT,low,787.0,250.0,125.0,98375.0,983.75,97391.25,94440.0,2951.25,,6, June ,2014,2951.25,973912.5,194782.5,779130.0,486956.25,292173.75,0.0030303030303030303,0.015151515151515152,0.030303030303030304,4.0,1.6666666666666667,0.1,1
Small Business,Germany,VTT,low,986.0,250.0,300.0,295800.0,2958.0,292842.0,246500.0,46342.0,,9, September ,2014,46342.0,2928420.0,585684.0,2342736.0,1464210.0,878526.0,0.015824915824915825,0.07912457912457913,0.15824915824915825,4.0,1.6666666666666667,0.1,1
Small Business,Mexico,VTT,low,494.0,250.0,300.0,148200.0,1482.0,146718.0,123500.0,23218.0,,10, October ,2013,23218.0,1467180.0,293436.0,1173744.0,733590.0,440154.0,0.015824915824915825,0.07912457912457913,0.15824915824915825,4.0,1.6666666666666667,0.1,1
Government,Mexico,VTT,low,1397.0,250.0,350.0,488950.0,4889.5,484060.5,363220.0,120840.5,,10, October ,2014,120840.5,4840605.0,968121.0,3872484.0,2420302.5,1452181.5,0.024963924963924963,0.12481962481962482,0.24963924963924963,4.0,1.6666666666666667,0.1,1
Enterprise,France,VTT,low,1744.0,250.0,125.0,218000.0,2180.0,215820.0,209280.0,6540.0,,11, November ,2014,6540.0,2158200.0,431640.0,1726560.0,1079100.0,647460.0,0.0030303030303030303,0.015151515151515152,0.030303030303030304,4.0,1.6666666666666667,0.1,1
Channel Partners,United States of America,Amarilla,low,1989.0,260.0,12.0,23868.0,238.68,23629.32,5967.0,17662.32,,9, September ,2013,17662.32,236293.2,47258.64000000001,189034.56000000003,118146.6,70887.96,0.07474747474747474,0.3737373737373737,0.7474747474747475,4.0,1.6666666666666665,0.09999999999999999,0
Midmarket,France,Amarilla,low,321.0,260.0,15.0,4815.0,48.15,4766.85,3210.0,1556.85,,11, November ,2013,1556.85,47668.5,9533.7,38134.8,23834.25,14300.55,0.03265993265993266,0.16329966329966328,0.32659932659932656,4.0,1.6666666666666667,0.1,1
Enterprise,Canada,Carretera,low,742.5,3.0,125.0,92812.5,1856.25,90956.25,89100.0,1856.25,,4, April ,2014,1856.25,909562.5,181912.5,727650.0,454781.25,272868.75,0.0020408163265306124,0.01020408163265306,0.02040816326530612,4.0,1.6666666666666667,0.1,1
Channel Partners,Canada,Carretera,low,1295.0,3.0,12.0,15540.0,310.8,15229.2,3885.0,11344.2,,10, October ,2014,11344.2,152292.0,30458.4,121833.6,76146.0,45687.6,0.07448979591836735,0.37244897959183676,0.7448979591836735,4.0,1.6666666666666667,0.1,0
Small Business,Germany,Carretera,low,214.0,3.0,300.0,64200.0,1284.0,62916.0,53500.0,9416.0,,10, October ,2013,9416.0,629160.0,125832.0,503328.0,314580.0,188748.0,0.014965986394557823,0.07482993197278912,0.14965986394557823,4.0,1.6666666666666667,0.1,1
Government,France,Carretera,low,2145.0,3.0,7.0,15015.0,300.3,14714.7,10725.0,3989.7,,11, November ,2013,3989.7,147147.0,29429.4,117717.6,73573.5,44144.1,0.027113702623906704,0.13556851311953352,0.27113702623906705,4.0,1.6666666666666667,0.1,1
Government,Canada,Carretera,low,2852.0,3.0,350.0,998200.0,19964.0,978236.0,741520.0,236716.0,,12, December ,2014,236716.0,9782360.0,1956472.0,7825888.0,4891180.0,2934708.0,0.024198250728862974,0.12099125364431487,0.24198250728862974,4.0,1.6666666666666667,0.1,1
Channel Partners,United States of America,Montana,low,1142.0,5.0,12.0,13704.0,274.08,13429.92,3426.0,10003.92,,6, June ,2014,10003.92,134299.2,26859.840000000004,107439.36000000002,67149.6,40289.76,0.07448979591836734,0.3724489795918367,0.7448979591836735,4.0,1.6666666666666667,0.09999999999999999,0
Government,United States of America,Montana,low,1566.0,5.0,20.0,31320.0,626.4,30693.6,15660.0,15033.6,,10, October ,2014,15033.6,306936.0,61387.200000000004,245548.80000000002,153468.0,92080.8,0.0489795918367347,0.24489795918367346,0.489795918367347,4.0,1.6666666666666665,0.09999999999999999,0
Channel Partners,Mexico,Montana,low,690.0,5.0,12.0,8280.0,165.6,8114.4,2070.0,6044.4,,11, November ,2014,6044.4,81144.0,16228.800000000001,64915.200000000004,40572.0,24343.2,0.07448979591836734,0.3724489795918367,0.7448979591836734,4.0,1.6666666666666665,0.09999999999999999,0
Enterprise,Mexico,Montana,low,1660.0,5.0,125.0,207500.0,4150.0,203350.0,199200.0,4150.0,,11, November ,2013,4150.0,2033500.0,406700.0,1626800.0,1016750.0,610050.0,0.0020408163265306124,0.01020408163265306,0.02040816326530612,4.0,1.6666666666666667,0.1,1
Midmarket,Canada,Paseo,low,2363.0,10.0,15.0,35445.0,708.9,34736.1,23630.0,11106.1,,2, February ,2014,11106.1,347361.0,69472.2,277888.8,173680.5,104208.3,0.03197278911564626,0.1598639455782313,0.3197278911564626,4.0,1.6666666666666665,0.09999999999999999,1
Small Business,France,Paseo,low,918.0,10.0,300.0,275400.0,5508.0,269892.0,229500.0,40392.0,,5, May ,2014,40392.0,2698920.0,539784.0,2159136.0,1349460.0,809676.0,0.014965986394557823,0.07482993197278912,0.14965986394557823,4.0,1.6666666666666667,0.1,1
Small Business,Germany,Paseo,low,1728.0,10.0,300.0,518400.0,10368.0,508032.0,432000.0,76032.0,,5, May ,2014,76032.0,5080320.0,1016064.0,4064256.0,2540160.0,1524096.0,0.014965986394557823,0.07482993197278912,0.14965986394557823,4.0,1.6666666666666667,0.1,1
Channel Partners,United States of America,Paseo,low,1142.0,10.0,12.0,13704.0,274.08,13429.92,3426.0,10003.92,,6, June ,2014,10003.92,134299.2,26859.840000000004,107439.36000000002,67149.6,40289.76,0.07448979591836734,0.3724489795918367,0.7448979591836735,4.0,1.6666666666666667,0.09999999999999999,0
Enterprise,Mexico,Paseo,low,662.0,10.0,125.0,82750.0,1655.0,81095.0,79440.0,1655.0,,6, June ,2014,1655.0,810950.0,162190.0,648760.0,405475.0,243285.0,0.0020408163265306124,0.01020408163265306,0.02040816326530612,4.0,1.6666666666666667,0.1,1
Channel Partners,Canada,Paseo,low,1295.0,10.0,12.0,15540.0,310.8,15229.2,3885.0,11344.2,,10, October ,2014,11344.2,152292.0,30458.4,121833.6,76146.0,45687.6,0.07448979591836735,0.37244897959183676,0.7448979591836735,4.0,1.6666666666666667,0.1,0
Enterprise,Germany,Paseo,low,809.0,10.0,125.0,101125.0,2022.5,99102.5,97080.0,2022.5,,10, October ,2013,2022.5,991025.0,198205.0,792820.0,495512.5,297307.5,0.0020408163265306124,0.01020408163265306,0.02040816326530612,4.0,1.6666666666666667,0.1,1
Enterprise,Mexico,Paseo,low,2145.0,10.0,125.0,268125.0,5362.5,262762.5,257400.0,5362.5,,10, October ,2013,5362.5,2627625.0,525525.0,2102100.0,1313812.5,788287.5,0.0020408163265306124,0.01020408163265306,0.02040816326530612,4.0,1.6666666666666667,0.1,1
Channel Partners,France,Paseo,low,1785.0,10.0,12.0,21420.0,428.4,20991.6,5355.0,15636.6,,11, November ,2013,15636.6,209916.0,41983.200000000004,167932.80000000002,104958.0,62974.799999999996,0.07448979591836735,0.3724489795918367,0.7448979591836735,4.0,1.6666666666666667,0.09999999999999999,0
Small Business,Canada,Paseo,low,1916.0,10.0,300.0,574800.0,11496.0,563304.0,479000.0,84304.0,,12, December ,2014,84304.0,5633040.0,1126608.0,4506432.0,2816520.0,1689912.0,0.014965986394557823,0.07482993197278912,0.14965986394557823,4.0,1.6666666666666667,0.1,1
Government,Canada,Paseo,low,2852.0,10.0,350.0,998200.0,19964.0,978236.0,741520.0,236716.0,,12, December ,2014,236716.0,9782360.0,1956472.0,7825888.0,4891180.0,2934708.0,0.024198250728862974,0.12099125364431487,0.24198250728862974,4.0,1.6666666666666667,0.1,1
Enterprise,Canada,Paseo,low,2729.0,10.0,125.0,341125.0,6822.5,334302.5,327480.0,6822.5,,12, December ,2014,6822.5,3343025.0,668605.0,2674420.0,1671512.5,1002907.5,0.0020408163265306124,0.01020408163265306,0.02040816326530612,4.0,1.6666666666666667,0.1,1
Midmarket,United States of America,Paseo,low,1925.0,10.0,15.0,28875.0,577.5,28297.5,19250.0,9047.5,,12, December ,2013,9047.5,282975.0,56595.0,226380.0,141487.5,84892.5,0.03197278911564626,0.1598639455782313,0.3197278911564626,4.0,1.6666666666666667,0.1,1
Government,United States of America,Paseo,low,2013.0,10.0,7.0,14091.0,281.82,13809.18,10065.0,3744.18,,12, December ,2013,3744.18,138091.8,27618.36,110473.44,69045.9,41427.53999999999,0.027113702623906707,0.13556851311953352,0.27113702623906705,4.0,1.6666666666666667,0.1,1
Channel Partners,France,Paseo,low,1055.0,10.0,12.0,12660.0,253.2,12406.8,3165.0,9241.8,,12, December ,2014,9241.8,124068.0,24813.600000000002,99254.40000000001,62034.0,37220.4,0.07448979591836734,0.37244897959183665,0.7448979591836734,4.0,1.6666666666666665,0.09999999999999999,0
Channel Partners,Mexico,Paseo,low,1084.0,10.0,12.0,13008.0,260.16,12747.84,3252.0,9495.84,,12, December ,2014,9495.84,127478.4,25495.68,101982.72,63739.2,38243.52,0.07448979591836735,0.37244897959183676,0.7448979591836735,4.0,1.6666666666666667,0.1,0
Government,United States of America,Velo,low,1566.0,120.0,20.0,31320.0,626.4,30693.6,15660.0,15033.6,,10, October ,2014,15033.6,306936.0,61387.200000000004,245548.80000000002,153468.0,92080.8,0.0489795918367347,0.24489795918367346,0.489795918367347,4.0,1.6666666666666665,0.09999999999999999,0
Government,Germany,Velo,low,2966.0,120.0,350.0,1038100.0,20762.0,1017338.0,771160.0,246178.0,,10, October ,2013,246178.0,10173380.0,2034676.0,8138704.0,5086690.0,3052014.0,0.024198250728862974,0.12099125364431487,0.24198250728862974,4.0,1.6666666666666667,0.1,1
Government,Germany,Velo,low,2877.0,120.0,350.0,1006950.0,20139.0,986811.0,748020.0,238791.0,,10, October ,2014,238791.0,9868110.0,1973622.0,7894488.0,4934055.0,2960433.0,0.024198250728862974,0.12099125364431487,0.24198250728862974,4.0,1.6666666666666667,0.1,1
Enterprise,Germany,Velo,low,809.0,120.0,125.0,101125.0,2022.5,99102.5,97080.0,2022.5,,10, October ,2013,2022.5,991025.0,198205.0,792820.0,495512.5,297307.5,0.0020408163265306124,0.01020408163265306,0.02040816326530612,4.0,1.6666666666666667,0.1,1
Enterprise,Mexico,Velo,low,2145.0,120.0,125.0,268125.0,5362.5,262762.5,257400.0,5362.5,,10, October ,2013,5362.5,2627625.0,525525.0,2102100.0,1313812.5,788287.5,0.0020408163265306124,0.01020408163265306,0.02040816326530612,4.0,1.6666666666666667,0.1,1
Channel Partners,France,Velo,low,1055.0,120.0,12.0,12660.0,253.2,12406.8,3165.0,9241.8,,12, December ,2014,9241.8,124068.0,24813.600000000002,99254.40000000001,62034.0,37220.4,0.07448979591836734,0.37244897959183665,0.7448979591836734,4.0,1.6666666666666665,0.09999999999999999,0
Government,Mexico,Velo,low,544.0,120.0,20.0,10880.0,217.6,10662.4,5440.0,5222.4,,12, December ,2013,5222.4,106624.0,21324.800000000003,85299.20000000001,53312.0,31987.199999999997,0.04897959183673469,0.2448979591836734,0.4897959183673469,4.0,1.6666666666666667,0.09999999999999999,0
Channel Partners,Mexico,Velo,low,1084.0,120.0,12.0,13008.0,260.16,12747.84,3252.0,9495.84,,12, December ,2014,9495.84,127478.4,25495.68,101982.72,63739.2,38243.52,0.07448979591836735,0.37244897959183676,0.7448979591836735,4.0,1.6666666666666667,0.1,0
Enterprise,Mexico,VTT,low,662.0,250.0,125.0,82750.0,1655.0,81095.0,79440.0,1655.0,,6, June ,2014,1655.0,810950.0,162190.0,648760.0,405475.0,243285.0,0.0020408163265306124,0.01020408163265306,0.02040816326530612,4.0,1.6666666666666667,0.1,1
Small Business,Germany,VTT,low,214.0,250.0,300.0,64200.0,1284.0,62916.0,53500.0,9416.0,,10, October ,2013,9416.0,629160.0,125832.0,503328.0,314580.0,188748.0,0.014965986394557823,0.07482993197278912,0.14965986394557823,4.0,1.6666666666666667,0.1,1
Government,Germany,VTT,low,2877.0,250.0,350.0,1006950.0,20139.0,986811.0,748020.0,238791.0,,10, October ,2014,238791.0,9868110.0,1973622.0,7894488.0,4934055.0,2960433.0,0.024198250728862974,0.12099125364431487,0.24198250728862974,4.0,1.6666666666666667,0.1,1
Enterprise,Canada,VTT,low,2729.0,250.0,125.0,341125.0,6822.5,334302.5,327480.0,6822.5,,12, December ,2014,6822.5,3343025.0,668605.0,2674420.0,1671512.5,1002907.5,0.0020408163265306124,0.01020408163265306,0.02040816326530612,4.0,1.6666666666666667,0.1,1
Government,United States of America,VTT,low,266.0,250.0,350.0,93100.0,1862.0,91238.0,69160.0,22078.0,,12, December ,2013,22078.0,912380.0,182476.0,729904.0,456190.0,273714.0,0.024198250728862974,0.12099125364431487,0.24198250728862974,4.0,1.6666666666666667,0.1,1
Government,Mexico,VTT,low,1940.0,250.0,350.0,679000.0,13580.0,665420.0,504400.0,161020.0,,12, December ,2013,161020.0,6654200.0,1330840.0,5323360.0,3327100.0,1996260.0,0.024198250728862974,0.12099125364431487,0.24198250728862974,4.0,1.6666666666666667,0.1,1
Small Business,Germany,Amarilla,low,259.0,260.0,300.0,77700.0,1554.0,76146.0,64750.0,11396.0,,3, March ,2014,11396.0,761460.0,152292.0,609168.0,380730.0,228438.0,0.014965986394557823,0.07482993197278912,0.14965986394557823,4.0,1.6666666666666667,0.1,1
Small Business,Mexico,Amarilla,low,1101.0,260.0,300.0,330300.0,6606.0,323694.0,275250.0,48444.0,,3, March ,2014,48444.0,3236940.0,647388.0,2589552.0,1618470.0,971082.0,0.014965986394557823,0.07482993197278912,0.14965986394557823,4.0,1.6666666666666667,0.1,1
Enterprise,Germany,Amarilla,low,2276.0,260.0,125.0,284500.0,5690.0,278810.0,273120.0,5690.0,,5, May ,2014,5690.0,2788100.0,557620.0,2230480.0,1394050.0,836430.0,0.0020408163265306124,0.01020408163265306,0.02040816326530612,4.0,1.6666666666666667,0.1,1
Government,Germany,Amarilla,low,2966.0,260.0,350.0,1038100.0,20762.0,1017338.0,771160.0,246178.0,,10, October ,2013,246178.0,10173380.0,2034676.0,8138704.0,5086690.0,3052014.0,0.024198250728862974,0.12099125364431487,0.24198250728862974,4.0,1.6666666666666667,0.1,1
Government,United States of America,Amarilla,low,1236.0,260.0,20.0,24720.0,494.4,24225.6,12360.0,11865.6,,11, November ,2014,11865.6,242256.0,48451.200000000004,193804.80000000002,121128.0,72676.8,0.0489795918367347,0.24489795918367346,0.489795918367347,4.0,1.6666666666666665,0.09999999999999999,0
Government,France,Amarilla,low,941.0,260.0,20.0,18820.0,376.4,18443.6,9410.0,9033.6,,11, November ,2014,9033.6,184436.0,36887.200000000004,147548.80000000002,92218.0,55330.799999999996,0.0489795918367347,0.24489795918367346,0.489795918367347,4.0,1.6666666666666667,0.09999999999999999,0
Small Business,Canada,Amarilla,low,1916.0,260.0,300.0,574800.0,11496.0,563304.0,479000.0,84304.0,,12, December ,2014,84304.0,5633040.0,1126608.0,4506432.0,2816520.0,1689912.0,0.014965986394557823,0.07482993197278912,0.14965986394557823,4.0,1.6666666666666667,0.1,1
Enterprise,France,Carretera,low,4243.5,3.0,125.0,530437.5,15913.13,514524.38,509220.0,5304.38,,4, April ,2014,5304.38,5145243.8,1029048.76,4116195.04,2572621.9,1543573.14,0.0010309287968045364,0.0051546439840226815,0.010309287968045363,4.0,1.6666666666666667,0.1,1
Government,Germany,Carretera,low,2580.0,3.0,20.0,51600.0,1548.0,50052.0,25800.0,24252.0,,4, April ,2014,24252.0,500520.0,100104.0,400416.0,250260.0,150156.0,0.04845360824742268,0.2422680412371134,0.4845360824742268,4.0,1.6666666666666667,0.1,0
Small Business,Germany,Carretera,low,689.0,3.0,300.0,206700.0,6201.0,200499.0,172250.0,28249.0,,6, June ,2014,28249.0,2004990.0,400998.0,1603992.0,1002495.0,601497.0,0.014089347079037801,0.070446735395189,0.140893470790378,4.0,1.6666666666666667,0.1,1
Channel Partners,United States of America,Carretera,low,1947.0,3.0,12.0,23364.0,700.92,22663.08,5841.0,16822.08,,9, September ,2014,16822.08,226630.80000000002,45326.16,181304.64,113315.40000000001,67989.24,0.07422680412371134,0.3711340206185567,0.7422680412371134,4.0,1.6666666666666667,0.1,0
Channel Partners,Canada,Carretera,low,908.0,3.0,12.0,10896.0,326.88,10569.12,2724.0,7845.12,,12, December ,2013,7845.12,105691.20000000001,21138.240000000005,84552.96000000002,52845.600000000006,31707.36,0.07422680412371133,0.3711340206185566,0.7422680412371133,4.0,1.6666666666666667,0.09999999999999999,0
Government,Germany,Montana,low,1958.0,5.0,7.0,13706.0,411.18,13294.82,9790.0,3504.82,,2, February ,2014,3504.82,132948.2,26589.640000000003,106358.56000000001,66474.1,39884.46,0.026362297496318115,0.13181148748159058,0.26362297496318116,4.0,1.6666666666666667,0.09999999999999999,1
Channel Partners,France,Montana,low,1901.0,5.0,12.0,22812.0,684.36,22127.64,5703.0,16424.64,,6, June ,2014,16424.64,221276.4,44255.28,177021.12,110638.2,66382.92,0.07422680412371134,0.3711340206185567,0.7422680412371134,4.0,1.6666666666666667,0.1,0
Government,France,Montana,low,544.0,5.0,7.0,3808.0,114.24,3693.76,2720.0,973.76,,9, September ,2014,973.76,36937.600000000006,7387.520000000001,29550.080000000005,18468.800000000003,11081.28,0.02636229749631811,0.13181148748159055,0.26362297496318116,4.0,1.6666666666666667,0.09999999999999999,1
Government,Germany,Montana,low,1797.0,5.0,350.0,628950.0,18868.5,610081.5,467220.0,142861.5,,9, September ,2013,142861.5,6100815.0,1220163.0,4880652.0,3050407.5,1830244.5,0.02341678939617084,0.1170839469808542,0.2341678939617084,4.0,1.6666666666666667,0.1,1
Enterprise,France,Montana,low,1287.0,5.0,125.0,160875.0,4826.25,156048.75,154440.0,1608.75,,12, December ,2014,1608.75,1560487.5,312097.5,1248390.0,780243.75,468146.25,0.0010309278350515464,0.005154639175257732,0.010309278350515464,4.0,1.6666666666666667,0.1,1
Enterprise,Germany,Montana,low,1706.0,5.0,125.0,213250.0,6397.5,206852.5,204720.0,2132.5,,12, December ,2014,2132.5,2068525.0,413705.0,1654820.0,1034262.5,620557.5,0.0010309278350515464,0.005154639175257732,0.010309278350515464,4.0,1.6666666666666667,0.1,1
Small Business,France,Paseo,low,2434.5,10.0,300.0,730350.0,21910.5,708439.5,608625.0,99814.5,,1, January ,2014,99814.5,7084395.0,1416879.0,5667516.0,3542197.5,2125318.5,0.014089347079037801,0.070446735395189,0.140893470790378,4.0,1.6666666666666667,0.1,1
Enterprise,Canada,Paseo,low,1774.0,10.0,125.0,221750.0,6652.5,215097.5,212880.0,2217.5,,3, March ,2014,2217.5,2150975.0,430195.0,1720780.0,1075487.5,645292.5,0.0010309278350515464,0.005154639175257732,0.010309278350515464,4.0,1.6666666666666667,0.1,1
Channel Partners,France,Paseo,low,1901.0,10.0,12.0,22812.0,684.36,22127.64,5703.0,16424.64,,6, June ,2014,16424.64,221276.4,44255.28,177021.12,110638.2,66382.92,0.07422680412371134,0.3711340206185567,0.7422680412371134,4.0,1.6666666666666667,0.1,0
Small Business,Germany,Paseo,low,689.0,10.0,300.0,206700.0,6201.0,200499.0,172250.0,28249.0,,6, June ,2014,28249.0,2004990.0,400998.0,1603992.0,1002495.0,601497.0,0.014089347079037801,0.070446735395189,0.140893470790378,4.0,1.6666666666666667,0.1,1
Enterprise,Germany,Paseo,low,1570.0,10.0,125.0,196250.0,5887.5,190362.5,188400.0,1962.5,,6, June ,2014,1962.5,1903625.0,380725.0,1522900.0,951812.5,571087.5,0.0010309278350515464,0.005154639175257732,0.010309278350515464,4.0,1.6666666666666667,0.1,1
Channel Partners,United States of America,Paseo,low,1369.5,10.0,12.0,16434.0,493.02,15940.98,4108.5,11832.48,,7, July ,2014,11832.48,159409.8,31881.96,127527.84,79704.9,47822.939999999995,0.07422680412371134,0.3711340206185567,0.7422680412371134,4.0,1.6666666666666667,0.1,0
Enterprise,Canada,Paseo,low,2009.0,10.0,125.0,251125.0,7533.75,243591.25,241080.0,2511.25,,10, October ,2014,2511.25,2435912.5,487182.5,1948730.0,1217956.25,730773.75,0.0010309278350515464,0.005154639175257732,0.010309278350515464,4.0,1.6666666666666667,0.1,1
Midmarket,Germany,Paseo,low,1945.0,10.0,15.0,29175.0,875.25,28299.75,19450.0,8849.75,,10, October ,2013,8849.75,282997.5,56599.5,226398.0,141498.75,84899.25,0.03127147766323024,0.1563573883161512,0.3127147766323024,4.0,1.6666666666666667,0.1,1
Enterprise,France,Paseo,low,1287.0,10.0,125.0,160875.0,4826.25,156048.75,154440.0,1608.75,,12, December ,2014,1608.75,1560487.5,312097.5,1248390.0,780243.75,468146.25,0.0010309278350515464,0.005154639175257732,0.010309278350515464,4.0,1.6666666666666667,0.1,1
Enterprise,Germany,Paseo,low,1706.0,10.0,125.0,213250.0,6397.5,206852.5,204720.0,2132.5,,12, December ,2014,2132.5,2068525.0,413705.0,1654820.0,1034262.5,620557.5,0.0010309278350515464,0.005154639175257732,0.010309278350515464,4.0,1.6666666666666667,0.1,1
Enterprise,Canada,Velo,low,2009.0,120.0,125.0,251125.0,7533.75,243591.25,241080.0,2511.25,,10, October ,2014,2511.25,2435912.5,487182.5,1948730.0,1217956.25,730773.75,0.0010309278350515464,0.005154639175257732,0.010309278350515464,4.0,1.6666666666666667,0.1,1
Small Business,United States of America,VTT,low,2844.0,250.0,300.0,853200.0,25596.0,827604.0,711000.0,116604.0,,2, February ,2014,116604.0,8276040.0,1655208.0,6620832.0,4138020.0,2482812.0,0.014089347079037801,0.070446735395189,0.140893470790378,4.0,1.6666666666666667,0.1,1
Channel Partners,Mexico,VTT,low,1916.0,250.0,12.0,22992.0,689.76,22302.24,5748.0,16554.24,,4, April ,2014,16554.24,223022.40000000002,44604.48000000001,178417.92000000004,111511.20000000001,66906.72,0.07422680412371134,0.37113402061855666,0.7422680412371134,4.0,1.6666666666666667,0.09999999999999999,0
Enterprise,Germany,VTT,low,1570.0,250.0,125.0,196250.0,5887.5,190362.5,188400.0,1962.5,,6, June ,2014,1962.5,1903625.0,380725.0,1522900.0,951812.5,571087.5,0.0010309278350515464,0.005154639175257732,0.010309278350515464,4.0,1.6666666666666667,0.1,1
Small Business,Canada,VTT,low,1874.0,250.0,300.0,562200.0,16866.0,545334.0,468500.0,76834.0,,8, August ,2014,76834.0,5453340.0,1090668.0,4362672.0,2726670.0,1636002.0,0.014089347079037801,0.070446735395189,0.140893470790378,4.0,1.6666666666666667,0.1,1
Government,Mexico,VTT,low,1642.0,250.0,350.0,574700.0,17241.0,557459.0,426920.0,130539.0,,8, August ,2014,130539.0,5574590.0,1114918.0,4459672.0,2787295.0,1672377.0,0.02341678939617084,0.1170839469808542,0.2341678939617084,4.0,1.6666666666666667,0.1,1
Midmarket,Germany,VTT,low,1945.0,250.0,15.0,29175.0,875.25,28299.75,19450.0,8849.75,,10, October ,2013,8849.75,282997.5,56599.5,226398.0,141498.75,84899.25,0.03127147766323024,0.1563573883161512,0.3127147766323024,4.0,1.6666666666666667,0.1,1
Government,Canada,Carretera,low,831.0,3.0,20.0,16620.0,498.6,16121.4,8310.0,7811.4,,5, May ,2014,7811.4,161214.0,32242.800000000003,128971.20000000001,80607.0,48364.2,0.048453608247422675,0.24226804123711337,0.4845360824742268,4.0,1.6666666666666667,0.09999999999999999,0
Government,Mexico,Paseo,low,1760.0,10.0,7.0,12320.0,369.6,11950.4,8800.0,3150.4,,9, September ,2013,3150.4,119504.0,23900.800000000003,95603.20000000001,59752.0,35851.2,0.026362297496318115,0.13181148748159055,0.26362297496318116,4.0,1.6666666666666667,0.09999999999999999,1
Government,Canada,Velo,low,3850.5,120.0,20.0,77010.0,2310.3,74699.7,38505.0,36194.7,,4, April ,2014,36194.7,746997.0,149399.4,597597.6,373498.5,224099.1,0.048453608247422675,0.2422680412371134,0.4845360824742268,4.0,1.6666666666666665,0.09999999999999999,0
Channel Partners,Germany,VTT,low,2479.0,250.0,12.0,29748.0,892.44,28855.56,7437.0,21418.56,,1, January ,2014,21418.56,288555.60000000003,57711.12000000001,230844.48000000004,144277.80000000002,86566.68000000001,0.07422680412371134,0.37113402061855666,0.7422680412371134,4.0,1.6666666666666667,0.09999999999999999,0
Midmarket,Mexico,Montana,low,2031.0,5.0,15.0,30465.0,1218.6,29246.4,20310.0,8936.4,,10, October ,2014,8936.4,292464.0,58492.8,233971.2,146232.0,87739.2,0.030555555555555555,0.15277777777777776,0.3055555555555555,4.0,1.6666666666666667,0.1,1
Midmarket,Mexico,Paseo,low,2031.0,10.0,15.0,30465.0,1218.6,29246.4,20310.0,8936.4,,10, October ,2014,8936.4,292464.0,58492.8,233971.2,146232.0,87739.2,0.030555555555555555,0.15277777777777776,0.3055555555555555,4.0,1.6666666666666667,0.1,1
Midmarket,France,Paseo,low,2261.0,10.0,15.0,33915.0,1356.6,32558.4,22610.0,9948.4,,12, December ,2013,9948.4,325584.0,65116.8,260467.2,162792.0,97675.2,0.030555555555555555,0.15277777777777776,0.3055555555555555,4.0,1.6666666666666667,0.1,1
Government,United States of America,Velo,low,736.0,120.0,20.0,14720.0,588.8,14131.2,7360.0,6771.2,,9, September ,2013,6771.2,141312.0,28262.4,113049.6,70656.0,42393.6,0.04791666666666666,0.23958333333333331,0.47916666666666663,4.0,1.6666666666666667,0.1,0
Government,Canada,Carretera,low,2851.0,3.0,7.0,19957.0,798.28,19158.72,14255.0,4903.72,,10, October ,2013,4903.72,191587.2,38317.44,153269.76,95793.6,57476.16,0.025595238095238095,0.12797619047619047,0.25595238095238093,4.0,1.6666666666666667,0.1,1
Small Business,Germany,Carretera,low,2021.0,3.0,300.0,606300.0,24252.0,582048.0,505250.0,76798.0,,10, October ,2014,76798.0,5820480.0,1164096.0,4656384.0,2910240.0,1746144.0,0.013194444444444444,0.06597222222222222,0.13194444444444445,4.0,1.6666666666666667,0.1,1
Government,United States of America,Carretera,low,274.0,3.0,350.0,95900.0,3836.0,92064.0,71240.0,20824.0,,12, December ,2014,20824.0,920640.0,184128.0,736512.0,460320.0,276192.0,0.02261904761904762,0.1130952380952381,0.2261904761904762,4.0,1.6666666666666667,0.1,1
Midmarket,Canada,Montana,low,1967.0,5.0,15.0,29505.0,1180.2,28324.8,19670.0,8654.8,,3, March ,2014,8654.8,283248.0,56649.600000000006,226598.40000000002,141624.0,84974.4,0.030555555555555555,0.15277777777777776,0.3055555555555555,4.0,1.6666666666666667,0.09999999999999999,1
Small Business,Germany,Montana,low,1859.0,5.0,300.0,557700.0,22308.0,535392.0,464750.0,70642.0,,8, August ,2014,70642.0,5353920.0,1070784.0,4283136.0,2676960.0,1606176.0,0.013194444444444444,0.06597222222222222,0.13194444444444445,4.0,1.6666666666666667,0.1,1
Government,Canada,Montana,low,2851.0,5.0,7.0,19957.0,798.28,19158.72,14255.0,4903.72,,10, October ,2013,4903.72,191587.2,38317.44,153269.76,95793.6,57476.16,0.025595238095238095,0.12797619047619047,0.25595238095238093,4.0,1.6666666666666667,0.1,1
Small Business,Germany,Montana,low,2021.0,5.0,300.0,606300.0,24252.0,582048.0,505250.0,76798.0,,10, October ,2014,76798.0,5820480.0,1164096.0,4656384.0,2910240.0,1746144.0,0.013194444444444444,0.06597222222222222,0.13194444444444445,4.0,1.6666666666666667,0.1,1
Enterprise,Mexico,Montana,low,1138.0,5.0,125.0,142250.0,5690.0,136560.0,136560.0,11106.1,,12, December ,2014,11106.1,1365600.0,273120.0,1092480.0,682800.0,409680.0,0.00813276215582894,0.0406638107791447,0.0813276215582894,4.0,1.6666666666666667,0.1,1
Government,Canada,Paseo,low,4251.0,10.0,7.0,29757.0,1190.28,28566.72,21255.0,7311.72,,1, January ,2014,7311.72,285667.2,57133.44,228533.76,142833.6,85700.16,0.025595238095238095,0.12797619047619047,0.25595238095238093,4.0,1.6666666666666667,0.1,1
Enterprise,Germany,Paseo,low,795.0,10.0,125.0,99375.0,3975.0,95400.0,95400.0,11106.1,,3, March ,2014,11106.1,954000.0,190800.0,763200.0,477000.0,286200.0,0.011641614255765199,0.058208071278826,0.116416142557652,4.0,1.6666666666666667,0.1,1
Small Business,Germany,Paseo,low,1414.5,10.0,300.0,424350.0,16974.0,407376.0,353625.0,53751.0,,4, April ,2014,53751.0,4073760.0,814752.0,3259008.0,2036880.0,1222128.0,0.013194444444444444,0.06597222222222222,0.13194444444444445,4.0,1.6666666666666667,0.1,1
Small Business,United States of America,Paseo,low,2918.0,10.0,300.0,875400.0,35016.0,840384.0,729500.0,110884.0,,5, May ,2014,110884.0,8403840.0,1680768.0,6723072.0,4201920.0,2521152.0,0.013194444444444444,0.06597222222222222,0.13194444444444445,4.0,1.6666666666666667,0.1,1
Government,United States of America,Paseo,low,3450.0,10.0,350.0,1207500.0,48300.0,1159200.0,897000.0,262200.0,,7, July ,2014,262200.0,11592000.0,2318400.0,9273600.0,5796000.0,3477600.0,0.02261904761904762,0.1130952380952381,0.2261904761904762,4.0,1.6666666666666667,0.1,1
Enterprise,France,Paseo,low,2988.0,10.0,125.0,373500.0,14940.0,358560.0,358560.0,11106.1,,7, July ,2014,11106.1,3585600.0,717120.0,2868480.0,1792800.0,1075680.0,0.00309741744756805,0.015487087237840251,0.030974174475680502,4.0,1.6666666666666667,0.1,1
Midmarket,Canada,Paseo,low,218.0,10.0,15.0,3270.0,130.8,3139.2,2180.0,959.2,,9, September ,2014,959.2,31392.0,6278.400000000001,25113.600000000002,15696.0,9417.6,0.030555555555555558,0.15277777777777776,0.3055555555555556,4.0,1.6666666666666665,0.09999999999999999,1
Government,Canada,Paseo,low,2074.0,10.0,20.0,41480.0,1659.2,39820.8,20740.0,19080.8,,9, September ,2014,19080.8,398208.0,79641.6,318566.4,199104.0,119462.4,0.04791666666666666,0.23958333333333331,0.47916666666666663,4.0,1.6666666666666667,0.1,0
Government,United States of America,Paseo,low,1056.0,10.0,20.0,21120.0,844.8,20275.2,10560.0,9715.2,,9, September ,2014,9715.2,202752.0,40550.4,162201.6,101376.0,60825.6,0.04791666666666667,0.23958333333333334,0.4791666666666667,4.0,1.6666666666666667,0.1,0
Midmarket,United States of America,Paseo,low,671.0,10.0,15.0,10065.0,402.6,9662.4,6710.0,2952.4,,10, October ,2013,2952.4,96624.0,19324.8,77299.2,48312.0,28987.2,0.030555555555555558,0.1527777777777778,0.3055555555555556,4.0,1.6666666666666665,0.09999999999999999,1
Midmarket,Mexico,Paseo,low,1514.0,10.0,15.0,22710.0,908.4,21801.6,15140.0,6661.6,,10, October ,2013,6661.6,218016.0,43603.200000000004,174412.80000000002,109008.0,65404.799999999996,0.030555555555555558,0.15277777777777776,0.3055555555555556,4.0,1.6666666666666667,0.09999999999999999,1
Government,United States of America,Paseo,low,274.0,10.0,350.0,95900.0,3836.0,92064.0,71240.0,20824.0,,12, December ,2014,20824.0,920640.0,184128.0,736512.0,460320.0,276192.0,0.02261904761904762,0.1130952380952381,0.2261904761904762,4.0,1.6666666666666667,0.1,1
Enterprise,Mexico,Paseo,low,1138.0,10.0,125.0,142250.0,5690.0,136560.0,136560.0,11106.1,,12, December ,2014,11106.1,1365600.0,273120.0,1092480.0,682800.0,409680.0,0.00813276215582894,0.0406638107791447,0.0813276215582894,4.0,1.6666666666666667,0.1,1
Channel Partners,United States of America,Velo,low,1465.0,120.0,12.0,17580.0,703.2,16876.8,4395.0,12481.8,,3, March ,2014,12481.8,168768.0,33753.6,135014.4,84384.0,50630.4,0.07395833333333333,0.3697916666666667,0.7395833333333334,4.0,1.6666666666666665,0.09999999999999999,0
Government,Canada,Velo,low,2646.0,120.0,20.0,52920.0,2116.8,50803.2,26460.0,24343.2,,9, September ,2013,24343.2,508032.0,101606.40000000001,406425.60000000003,254016.0,152409.6,0.04791666666666667,0.23958333333333331,0.4791666666666667,4.0,1.6666666666666665,0.09999999999999999,0
Government,France,Velo,low,2177.0,120.0,350.0,761950.0,30478.0,731472.0,566020.0,165452.0,,10, October ,2014,165452.0,7314720.0,1462944.0,5851776.0,3657360.0,2194416.0,0.02261904761904762,0.1130952380952381,0.2261904761904762,4.0,1.6666666666666667,0.1,1
Channel Partners,France,VTT,low,866.0,250.0,12.0,10392.0,415.68,9976.32,2598.0,7378.32,,5, May ,2014,7378.32,99763.2,19952.64,79810.56,49881.6,29928.96,0.07395833333333333,0.3697916666666667,0.7395833333333334,4.0,1.6666666666666667,0.1,0
Government,United States of America,VTT,low,349.0,250.0,350.0,122150.0,4886.0,117264.0,90740.0,26524.0,,9, September ,2013,26524.0,1172640.0,234528.0,938112.0,586320.0,351792.0,0.02261904761904762,0.1130952380952381,0.2261904761904762,4.0,1.6666666666666667,0.1,1
Government,France,VTT,low,2177.0,250.0,350.0,761950.0,30478.0,731472.0,566020.0,165452.0,,10, October ,2014,165452.0,7314720.0,1462944.0,5851776.0,3657360.0,2194416.0,0.02261904761904762,0.1130952380952381,0.2261904761904762,4.0,1.6666666666666667,0.1,1
Midmarket,Mexico,VTT,low,1514.0,250.0,15.0,22710.0,908.4,21801.6,15140.0,6661.6,,10, October ,2013,6661.6,218016.0,43603.200000000004,174412.80000000002,109008.0,65404.799999999996,0.030555555555555558,0.15277777777777776,0.3055555555555556,4.0,1.6666666666666667,0.09999999999999999,1
Government,Mexico,Amarilla,low,1865.0,260.0,350.0,652750.0,26110.0,626640.0,484900.0,141740.0,,2, February ,2014,141740.0,6266400.0,1253280.0,5013120.0,3133200.0,1879920.0,0.02261904761904762,0.1130952380952381,0.2261904761904762,4.0,1.6666666666666667,0.1,1
Enterprise,Mexico,Amarilla,low,1074.0,260.0,125.0,134250.0,5370.0,128880.0,128880.0,11106.1,,4, April ,2014,11106.1,1288800.0,257760.0,1031040.0,644400.0,386640.0,0.008617396027312228,0.04308698013656114,0.08617396027312228,4.0,1.6666666666666667,0.1,1
Government,Germany,Amarilla,low,1907.0,260.0,350.0,667450.0,26698.0,640752.0,495820.0,144932.0,,9, September ,2014,144932.0,6407520.0,1281504.0,5126016.0,3203760.0,1922256.0,0.02261904761904762,0.1130952380952381,0.2261904761904762,4.0,1.6666666666666667,0.1,1
Midmarket,United States of America,Amarilla,low,671.0,260.0,15.0,10065.0,402.6,9662.4,6710.0,2952.4,,10, October ,2013,2952.4,96624.0,19324.8,77299.2,48312.0,28987.2,0.030555555555555558,0.1527777777777778,0.3055555555555556,4.0,1.6666666666666665,0.09999999999999999,1
Government,Canada,Amarilla,low,1778.0,260.0,350.0,622300.0,24892.0,597408.0,462280.0,135128.0,,12, December ,2013,135128.0,5974080.0,1194816.0,4779264.0,2987040.0,1792224.0,0.02261904761904762,0.1130952380952381,0.2261904761904762,4.0,1.6666666666666667,0.1,1
Government,Germany,Montana,medium,1159.0,5.0,7.0,8113.0,405.65,7707.35,5795.0,1912.35,,10, October ,2013,1912.35,77073.5,15414.7,61658.8,38536.75,23122.05,0.02481203007518797,0.12406015037593984,0.24812030075187969,4.0,1.6666666666666667,0.1,1
Government,Germany,Paseo,medium,1372.0,10.0,7.0,9604.0,480.2,9123.8,6860.0,2263.8,,1, January ,2014,2263.8,91238.0,18247.600000000002,72990.40000000001,45619.0,27371.399999999998,0.024812030075187973,0.12406015037593984,0.24812030075187974,4.0,1.6666666666666667,0.09999999999999999,1
Government,Canada,Paseo,medium,2349.0,10.0,7.0,16443.0,822.15,15620.85,11745.0,3875.85,,9, September ,2013,3875.85,156208.5,31241.7,124966.8,78104.25,46862.549999999996,0.02481203007518797,0.12406015037593984,0.24812030075187969,4.0,1.6666666666666667,0.1,1
Government,Mexico,Paseo,medium,2689.0,10.0,7.0,18823.0,941.15,17881.85,13445.0,4436.85,,10, October ,2014,4436.85,178818.5,35763.700000000004,143054.80000000002,89409.25,53645.549999999996,0.024812030075187973,0.12406015037593984,0.24812030075187974,4.0,1.6666666666666667,0.09999999999999999,1
Channel Partners,Canada,Paseo,medium,2431.0,10.0,12.0,29172.0,1458.6,27713.4,7293.0,20420.4,,12, December ,2014,20420.4,277134.0,55426.8,221707.2,138567.0,83140.2,0.0736842105263158,0.3684210526315789,0.7368421052631579,4.0,1.6666666666666667,0.1,0
Channel Partners,Canada,Velo,medium,2431.0,120.0,12.0,29172.0,1458.6,27713.4,7293.0,20420.4,,12, December ,2014,20420.4,277134.0,55426.8,221707.2,138567.0,83140.2,0.0736842105263158,0.3684210526315789,0.7368421052631579,4.0,1.6666666666666667,0.1,0
Government,Mexico,VTT,medium,2689.0,250.0,7.0,18823.0,941.15,17881.85,13445.0,4436.85,,10, October ,2014,4436.85,178818.5,35763.700000000004,143054.80000000002,89409.25,53645.549999999996,0.024812030075187973,0.12406015037593984,0.24812030075187974,4.0,1.6666666666666667,0.09999999999999999,1
Government,Mexico,Amarilla,medium,1683.0,260.0,7.0,11781.0,589.05,11191.95,8415.0,2776.95,,7, July ,2014,2776.95,111919.5,22383.9,89535.6,55959.75,33575.85,0.02481203007518797,0.12406015037593983,0.24812030075187966,4.0,1.6666666666666667,0.1,1
Channel Partners,Mexico,Amarilla,medium,1123.0,260.0,12.0,13476.0,673.8,12802.2,3369.0,9433.2,,8, August ,2014,9433.2,128022.0,25604.4,102417.6,64011.0,38406.6,0.0736842105263158,0.368421052631579,0.736842105263158,4.0,1.6666666666666667,0.1,0
Government,Germany,Amarilla,medium,1159.0,260.0,7.0,8113.0,405.65,7707.35,5795.0,1912.35,,10, October ,2013,1912.35,77073.5,15414.7,61658.8,38536.75,23122.05,0.02481203007518797,0.12406015037593984,0.24812030075187969,4.0,1.6666666666666667,0.1,1
Channel Partners,France,Carretera,medium,1865.0,3.0,12.0,22380.0,1119.0,21261.0,5595.0,15666.0,,2, February ,2014,15666.0,212610.0,42522.0,170088.0,106305.0,63783.0,0.07368421052631578,0.3684210526315789,0.7368421052631579,4.0,1.6666666666666667,0.1,0
Channel Partners,Germany,Carretera,medium,1116.0,3.0,12.0,13392.0,669.6,12722.4,3348.0,9374.4,,2, February ,2014,9374.4,127224.0,25444.800000000003,101779.20000000001,63612.0,38167.2,0.07368421052631578,0.36842105263157887,0.7368421052631579,4.0,1.6666666666666667,0.09999999999999999,0
Government,France,Carretera,medium,1563.0,3.0,20.0,31260.0,1563.0,29697.0,15630.0,14067.0,,5, May ,2014,14067.0,296970.0,59394.0,237576.0,148485.0,89091.0,0.04736842105263158,0.23684210526315788,0.47368421052631576,4.0,1.6666666666666667,0.1,0
Small Business,United States of America,Carretera,medium,991.0,3.0,300.0,297300.0,14865.0,282435.0,247750.0,34685.0,,6, June ,2014,34685.0,2824350.0,564870.0,2259480.0,1412175.0,847305.0,0.012280701754385965,0.06140350877192982,0.12280701754385964,4.0,1.6666666666666667,0.1,1
Government,Germany,Carretera,medium,1016.0,3.0,7.0,7112.0,355.6,6756.4,5080.0,1676.4,,11, November ,2013,1676.4,67564.0,13512.800000000001,54051.200000000004,33782.0,20269.2,0.024812030075187973,0.12406015037593984,0.2481203007518797,4.0,1.6666666666666665,0.09999999999999999,1
Midmarket,Mexico,Carretera,medium,2791.0,3.0,15.0,41865.0,2093.25,39771.75,27910.0,11861.75,,11, November ,2014,11861.75,397717.5,79543.5,318174.0,198858.75,119315.25,0.02982456140350877,0.14912280701754385,0.2982456140350877,4.0,1.6666666666666667,0.1,1
Government,United States of America,Carretera,medium,570.0,3.0,7.0,3990.0,199.5,3790.5,2850.0,940.5,,12, December ,2014,940.5,37905.0,7581.0,30324.0,18952.5,11371.5,0.02481203007518797,0.12406015037593984,0.24812030075187969,4.0,1.6666666666666667,0.1,1
Government,France,Carretera,medium,2487.0,3.0,7.0,17409.0,870.45,16538.55,12435.0,4103.55,,12, December ,2014,4103.55,165385.5,33077.1,132308.4,82692.75,49615.65,0.024812030075187973,0.12406015037593986,0.2481203007518797,4.0,1.6666666666666665,0.09999999999999999,1
Government,France,Montana,medium,1384.5,5.0,350.0,484575.0,24228.75,460346.25,359970.0,100376.25,,1, January ,2014,100376.25,4603462.5,920692.5,3682770.0,2301731.25,1381038.75,0.02180451127819549,0.10902255639097744,0.21804511278195488,4.0,1.6666666666666667,0.1,1
Enterprise,United States of America,Montana,medium,3627.0,5.0,125.0,453375.0,22668.75,430706.25,435240.0,11106.1,,7, July ,2014,11106.1,4307062.5,861412.5,3445650.0,2153531.25,1292118.75,0.0025785787877468692,0.012892893938734346,0.025785787877468692,4.0,1.6666666666666667,0.1,1
Government,Mexico,Montana,medium,720.0,5.0,350.0,252000.0,12600.0,239400.0,187200.0,52200.0,,9, September ,2013,52200.0,2394000.0,478800.0,1915200.0,1197000.0,718200.0,0.02180451127819549,0.10902255639097744,0.21804511278195488,4.0,1.6666666666666667,0.1,1
Channel Partners,Germany,Montana,medium,2342.0,5.0,12.0,28104.0,1405.2,26698.8,7026.0,19672.8,,11, November ,2014,19672.8,266988.0,53397.600000000006,213590.40000000002,133494.0,80096.4,0.07368421052631578,0.36842105263157887,0.7368421052631579,4.0,1.6666666666666667,0.09999999999999999,0
Small Business,Mexico,Montana,medium,1100.0,5.0,300.0,330000.0,16500.0,313500.0,275000.0,38500.0,,12, December ,2013,38500.0,3135000.0,627000.0,2508000.0,1567500.0,940500.0,0.012280701754385965,0.06140350877192982,0.12280701754385964,4.0,1.6666666666666667,0.1,1
Government,France,Paseo,medium,1303.0,10.0,20.0,26060.0,1303.0,24757.0,13030.0,11727.0,,2, February ,2014,11727.0,247570.0,49514.0,198056.0,123785.0,74271.0,0.04736842105263158,0.23684210526315788,0.47368421052631576,4.0,1.6666666666666667,0.1,0
Enterprise,United States of America,Paseo,medium,2992.0,10.0,125.0,374000.0,18700.0,355300.0,359040.0,11106.1,,3, March ,2014,11106.1,3553000.0,710600.0,2842400.0,1776500.0,1065900.0,0.003125837320574163,0.015629186602870816,0.03125837320574163,4.0,1.6666666666666667,0.1,1
Enterprise,France,Paseo,medium,2385.0,10.0,125.0,298125.0,14906.25,283218.75,286200.0,11106.1,,3, March ,2014,11106.1,2832187.5,566437.5,2265750.0,1416093.75,849656.25,0.003921385854573541,0.019606929272867703,0.039213858545735406,4.0,1.6666666666666667,0.1,1
Small Business,Mexico,Paseo,medium,1607.0,10.0,300.0,482100.0,24105.0,457995.0,401750.0,56245.0,,4, April ,2014,56245.0,4579950.0,915990.0,3663960.0,2289975.0,1373985.0,0.012280701754385965,0.06140350877192982,0.12280701754385964,4.0,1.6666666666666667,0.1,1
Government,United States of America,Paseo,medium,2327.0,10.0,7.0,16289.0,814.45,15474.55,11635.0,3839.55,,5, May ,2014,3839.55,154745.5,30949.100000000002,123796.40000000001,77372.75,46423.65,0.024812030075187973,0.12406015037593984,0.2481203007518797,4.0,1.6666666666666665,0.09999999999999999,1
Small Business,United States of America,Paseo,medium,991.0,10.0,300.0,297300.0,14865.0,282435.0,247750.0,34685.0,,6, June ,2014,34685.0,2824350.0,564870.0,2259480.0,1412175.0,847305.0,0.012280701754385965,0.06140350877192982,0.12280701754385964,4.0,1.6666666666666667,0.1,1
Government,United States of America,Paseo,medium,602.0,10.0,350.0,210700.0,10535.0,200165.0,156520.0,43645.0,,6, June ,2014,43645.0,2001650.0,400330.0,1601320.0,1000825.0,600495.0,0.02180451127819549,0.10902255639097744,0.21804511278195488,4.0,1.6666666666666667,0.1,1
Midmarket,France,Paseo,medium,2620.0,10.0,15.0,39300.0,1965.0,37335.0,26200.0,11135.0,,9, September ,2014,11135.0,373350.0,74670.0,298680.0,186675.0,112005.0,0.02982456140350877,0.14912280701754385,0.2982456140350877,4.0,1.6666666666666667,0.1,1
Government,Canada,Paseo,medium,1228.0,10.0,350.0,429800.0,21490.0,408310.0,319280.0,89030.0,,10, October ,2013,89030.0,4083100.0,816620.0,3266480.0,2041550.0,1224930.0,0.02180451127819549,0.10902255639097744,0.21804511278195488,4.0,1.6666666666666667,0.1,1
Government,Canada,Paseo,medium,1389.0,10.0,20.0,27780.0,1389.0,26391.0,13890.0,12501.0,,10, October ,2013,12501.0,263910.0,52782.0,211128.0,131955.0,79173.0,0.04736842105263158,0.23684210526315788,0.47368421052631576,4.0,1.6666666666666667,0.1,0
Enterprise,United States of America,Paseo,medium,861.0,10.0,125.0,107625.0,5381.25,102243.75,103320.0,11106.1,,10, October ,2014,11106.1,1022437.5,204487.5,817950.0,511218.75,306731.25,0.010862375450822177,0.05431187725411089,0.10862375450822177,4.0,1.6666666666666667,0.1,1
Enterprise,France,Paseo,medium,704.0,10.0,125.0,88000.0,4400.0,83600.0,84480.0,11106.1,,10, October ,2013,11106.1,836000.0,167200.0,668800.0,418000.0,250800.0,0.013284808612440191,0.06642404306220095,0.1328480861244019,4.0,1.6666666666666667,0.1,1
Government,Canada,Paseo,medium,1802.0,10.0,20.0,36040.0,1802.0,34238.0,18020.0,16218.0,,12, December ,2013,16218.0,342380.0,68476.0,273904.0,171190.0,102714.0,0.04736842105263158,0.23684210526315788,0.47368421052631576,4.0,1.6666666666666667,0.1,0
Government,United States of America,Paseo,medium,2663.0,10.0,20.0,53260.0,2663.0,50597.0,26630.0,23967.0,,12, December ,2014,23967.0,505970.0,101194.0,404776.0,252985.0,151791.0,0.04736842105263158,0.23684210526315788,0.47368421052631576,4.0,1.6666666666666667,0.1,0
Government,France,Paseo,medium,2136.0,10.0,7.0,14952.0,747.6,14204.4,10680.0,3524.4,,12, December ,2013,3524.4,142044.0,28408.800000000003,113635.20000000001,71022.0,42613.2,0.02481203007518797,0.12406015037593984,0.2481203007518797,4.0,1.6666666666666667,0.09999999999999999,1
Midmarket,Germany,Paseo,medium,2116.0,10.0,15.0,31740.0,1587.0,30153.0,21160.0,8993.0,,12, December ,2013,8993.0,301530.0,60306.0,241224.0,150765.0,90459.0,0.02982456140350877,0.14912280701754385,0.2982456140350877,4.0,1.6666666666666667,0.1,1
Midmarket,United States of America,Velo,medium,555.0,120.0,15.0,8325.0,416.25,7908.75,5550.0,2358.75,,1, January ,2014,2358.75,79087.5,15817.5,63270.0,39543.75,23726.25,0.02982456140350877,0.14912280701754385,0.2982456140350877,4.0,1.6666666666666667,0.1,1
Midmarket,Mexico,Velo,medium,2861.0,120.0,15.0,42915.0,2145.75,40769.25,28610.0,12159.25,,1, January ,2014,12159.25,407692.5,81538.5,326154.0,203846.25,122307.75,0.02982456140350877,0.14912280701754385,0.2982456140350877,4.0,1.6666666666666667,0.1,1
Enterprise,Germany,Velo,medium,807.0,120.0,125.0,100875.0,5043.75,95831.25,96840.0,11106.1,,2, February ,2014,11106.1,958312.5,191662.5,766650.0,479156.25,287493.75,0.011589225852735929,0.05794612926367965,0.1158922585273593,4.0,1.6666666666666667,0.1,1
Government,United States of America,Velo,medium,602.0,120.0,350.0,210700.0,10535.0,200165.0,156520.0,43645.0,,6, June ,2014,43645.0,2001650.0,400330.0,1601320.0,1000825.0,600495.0,0.02180451127819549,0.10902255639097744,0.21804511278195488,4.0,1.6666666666666667,0.1,1
Government,United States of America,Velo,medium,2832.0,120.0,20.0,56640.0,2832.0,53808.0,28320.0,25488.0,,8, August ,2014,25488.0,538080.0,107616.0,430464.0,269040.0,161424.0,0.04736842105263158,0.23684210526315788,0.47368421052631576,4.0,1.6666666666666667,0.1,0
Government,France,Velo,medium,1579.0,120.0,20.0,31580.0,1579.0,30001.0,15790.0,14211.0,,8, August ,2014,14211.0,300010.0,60002.0,240008.0,150005.0,90003.0,0.04736842105263158,0.23684210526315788,0.47368421052631576,4.0,1.6666666666666667,0.1,0
Enterprise,United States of America,Velo,medium,861.0,120.0,125.0,107625.0,5381.25,102243.75,103320.0,11106.1,,10, October ,2014,11106.1,1022437.5,204487.5,817950.0,511218.75,306731.25,0.010862375450822177,0.05431187725411089,0.10862375450822177,4.0,1.6666666666666667,0.1,1
Enterprise,France,Velo,medium,704.0,120.0,125.0,88000.0,4400.0,83600.0,84480.0,11106.1,,10, October ,2013,11106.1,836000.0,167200.0,668800.0,418000.0,250800.0,0.013284808612440191,0.06642404306220095,0.1328480861244019,4.0,1.6666666666666667,0.1,1
Government,France,Velo,medium,1033.0,120.0,20.0,20660.0,1033.0,19627.0,10330.0,9297.0,,12, December ,2013,9297.0,196270.0,39254.0,157016.0,98135.0,58881.0,0.04736842105263158,0.23684210526315788,0.47368421052631576,4.0,1.6666666666666667,0.1,0
Small Business,Germany,Velo,medium,1250.0,120.0,300.0,375000.0,18750.0,356250.0,312500.0,43750.0,,12, December ,2014,43750.0,3562500.0,712500.0,2850000.0,1781250.0,1068750.0,0.012280701754385965,0.06140350877192982,0.12280701754385964,4.0,1.6666666666666667,0.1,1
Government,Canada,VTT,medium,1389.0,250.0,20.0,27780.0,1389.0,26391.0,13890.0,12501.0,,10, October ,2013,12501.0,263910.0,52782.0,211128.0,131955.0,79173.0,0.04736842105263158,0.23684210526315788,0.47368421052631576,4.0,1.6666666666666667,0.1,0
Government,United States of America,VTT,medium,1265.0,250.0,20.0,25300.0,1265.0,24035.0,12650.0,11385.0,,11, November ,2013,11385.0,240350.0,48070.0,192280.0,120175.0,72105.0,0.04736842105263158,0.23684210526315788,0.47368421052631576,4.0,1.6666666666666667,0.1,0
Government,Germany,VTT,medium,2297.0,250.0,20.0,45940.0,2297.0,43643.0,22970.0,20673.0,,11, November ,2013,20673.0,436430.0,87286.0,349144.0,218215.0,130929.0,0.04736842105263158,0.23684210526315788,0.47368421052631576,4.0,1.6666666666666667,0.1,0
Government,United States of America,VTT,medium,2663.0,250.0,20.0,53260.0,2663.0,50597.0,26630.0,23967.0,,12, December ,2014,23967.0,505970.0,101194.0,404776.0,252985.0,151791.0,0.04736842105263158,0.23684210526315788,0.47368421052631576,4.0,1.6666666666666667,0.1,0
Government,United States of America,VTT,medium,570.0,250.0,7.0,3990.0,199.5,3790.5,2850.0,940.5,,12, December ,2014,940.5,37905.0,7581.0,30324.0,18952.5,11371.5,0.02481203007518797,0.12406015037593984,0.24812030075187969,4.0,1.6666666666666667,0.1,1
Government,France,VTT,medium,2487.0,250.0,7.0,17409.0,870.45,16538.55,12435.0,4103.55,,12, December ,2014,4103.55,165385.5,33077.1,132308.4,82692.75,49615.65,0.024812030075187973,0.12406015037593986,0.2481203007518797,4.0,1.6666666666666665,0.09999999999999999,1
Government,Germany,Amarilla,medium,1350.0,260.0,350.0,472500.0,23625.0,448875.0,351000.0,97875.0,,2, February ,2014,97875.0,4488750.0,897750.0,3591000.0,2244375.0,1346625.0,0.02180451127819549,0.10902255639097744,0.21804511278195488,4.0,1.6666666666666667,0.1,1
Government,Canada,Amarilla,medium,552.0,260.0,350.0,193200.0,9660.0,183540.0,143520.0,40020.0,,8, August ,2014,40020.0,1835400.0,367080.0,1468320.0,917700.0,550620.0,0.02180451127819549,0.10902255639097744,0.21804511278195488,4.0,1.6666666666666667,0.1,1
Government,Canada,Amarilla,medium,1228.0,260.0,350.0,429800.0,21490.0,408310.0,319280.0,89030.0,,10, October ,2013,89030.0,4083100.0,816620.0,3266480.0,2041550.0,1224930.0,0.02180451127819549,0.10902255639097744,0.21804511278195488,4.0,1.6666666666666667,0.1,1
Small Business,Germany,Amarilla,medium,1250.0,260.0,300.0,375000.0,18750.0,356250.0,312500.0,43750.0,,12, December ,2014,43750.0,3562500.0,712500.0,2850000.0,1781250.0,1068750.0,0.012280701754385965,0.06140350877192982,0.12280701754385964,4.0,1.6666666666666667,0.1,1
Midmarket,France,Paseo,medium,3801.0,10.0,15.0,57015.0,3420.9,53594.1,38010.0,15584.1,,4, April ,2014,15584.1,535941.0,107188.20000000001,428752.80000000005,267970.5,160782.3,0.029078014184397163,0.1453900709219858,0.29078014184397166,4.0,1.6666666666666667,0.09999999999999999,1
Government,United States of America,Carretera,medium,1117.5,3.0,20.0,22350.0,1341.0,21009.0,11175.0,9834.0,,1, January ,2014,9834.0,210090.0,42018.0,168072.0,105045.0,63027.0,0.04680851063829787,0.23404255319148937,0.46808510638297873,4.0,1.6666666666666667,0.1,0
Midmarket,Canada,Carretera,medium,2844.0,3.0,15.0,42660.0,2559.6,40100.4,28440.0,11660.4,,6, June ,2014,11660.4,401004.0,80200.8,320803.2,200502.0,120301.2,0.029078014184397163,0.1453900709219858,0.2907801418439716,4.0,1.6666666666666667,0.1,1
Channel Partners,Mexico,Carretera,medium,562.0,3.0,12.0,6744.0,404.64,6339.36,1686.0,4653.36,,9, September ,2014,4653.36,63393.6,12678.720000000001,50714.880000000005,31696.8,19018.079999999998,0.07340425531914893,0.3670212765957446,0.7340425531914894,4.0,1.6666666666666667,0.09999999999999999,0
Channel Partners,Canada,Carretera,medium,2299.0,3.0,12.0,27588.0,1655.28,25932.72,6897.0,19035.72,,10, October ,2013,19035.72,259327.2,51865.44,207461.76,129663.6,77798.16,0.07340425531914893,0.3670212765957447,0.7340425531914894,4.0,1.6666666666666667,0.1,0
Midmarket,United States of America,Carretera,medium,2030.0,3.0,15.0,30450.0,1827.0,28623.0,20300.0,8323.0,,11, November ,2014,8323.0,286230.0,57246.0,228984.0,143115.0,85869.0,0.029078014184397163,0.1453900709219858,0.2907801418439716,4.0,1.6666666666666667,0.1,1
Government,United States of America,Carretera,medium,263.0,3.0,7.0,1841.0,110.46,1730.54,1315.0,415.54,,11, November ,2013,415.54,17305.4,3461.0800000000004,13844.320000000002,8652.7,5191.62,0.024012158054711245,0.12006079027355622,0.24012158054711247,4.0,1.6666666666666667,0.09999999999999999,1
Enterprise,Germany,Carretera,medium,887.0,3.0,125.0,110875.0,6652.5,104222.5,106440.0,11106.1,,12, December ,2013,11106.1,1042225.0,208445.0,833780.0,521112.5,312667.5,0.010656144306651636,0.05328072153325818,0.10656144306651635,4.0,1.6666666666666667,0.1,1
Government,Mexico,Montana,medium,980.0,5.0,350.0,343000.0,20580.0,322420.0,254800.0,67620.0,,4, April ,2014,67620.0,3224200.0,644840.0,2579360.0,1612100.0,967260.0,0.020972644376899698,0.10486322188449848,0.20972644376899696,4.0,1.6666666666666667,0.1,1
Government,Germany,Montana,medium,1460.0,5.0,350.0,511000.0,30660.0,480340.0,379600.0,100740.0,,5, May ,2014,100740.0,4803400.0,960680.0,3842720.0,2401700.0,1441020.0,0.020972644376899698,0.10486322188449848,0.20972644376899696,4.0,1.6666666666666667,0.1,1
Government,France,Montana,medium,1403.0,5.0,7.0,9821.0,589.26,9231.74,7015.0,2216.74,,10, October ,2013,2216.74,92317.4,18463.48,73853.92,46158.7,27695.219999999998,0.024012158054711245,0.12006079027355622,0.24012158054711244,4.0,1.6666666666666667,0.1,1
Channel Partners,United States of America,Montana,medium,2723.0,5.0,12.0,32676.0,1960.56,30715.44,8169.0,22546.44,,11, November ,2014,22546.44,307154.39999999997,61430.88,245723.52,153577.19999999998,92146.31999999999,0.07340425531914894,0.3670212765957447,0.7340425531914894,4.0,1.6666666666666665,0.1,0
Government,France,Paseo,medium,1496.0,10.0,350.0,523600.0,31416.0,492184.0,388960.0,103224.0,,6, June ,2014,103224.0,4921840.0,984368.0,3937472.0,2460920.0,1476552.0,0.020972644376899698,0.10486322188449848,0.20972644376899696,4.0,1.6666666666666667,0.1,1
Channel Partners,Canada,Paseo,medium,2299.0,10.0,12.0,27588.0,1655.28,25932.72,6897.0,19035.72,,10, October ,2013,19035.72,259327.2,51865.44,207461.76,129663.6,77798.16,0.07340425531914893,0.3670212765957447,0.7340425531914894,4.0,1.6666666666666667,0.1,0
Government,United States of America,Paseo,medium,727.0,10.0,350.0,254450.0,15267.0,239183.0,189020.0,50163.0,,10, October ,2013,50163.0,2391830.0,478366.0,1913464.0,1195915.0,717549.0,0.020972644376899698,0.10486322188449848,0.20972644376899696,4.0,1.6666666666666667,0.1,1
Enterprise,Canada,Velo,medium,952.0,120.0,125.0,119000.0,7140.0,111860.0,114240.0,11106.1,,2, February ,2014,11106.1,1118600.0,223720.0,894880.0,559300.0,335580.0,0.009928571428571429,0.04964285714285714,0.09928571428571428,4.0,1.6666666666666667,0.1,1
Enterprise,United States of America,Velo,medium,2755.0,120.0,125.0,344375.0,20662.5,323712.5,330600.0,11106.1,,2, February ,2014,11106.1,3237125.0,647425.0,2589700.0,1618562.5,971137.5,0.003430852994555354,0.01715426497277677,0.03430852994555354,4.0,1.6666666666666667,0.1,1
Midmarket,Germany,Velo,medium,1530.0,120.0,15.0,22950.0,1377.0,21573.0,15300.0,6273.0,,5, May ,2014,6273.0,215730.0,43146.0,172584.0,107865.0,64719.0,0.029078014184397163,0.1453900709219858,0.2907801418439716,4.0,1.6666666666666667,0.1,1
Government,France,Velo,medium,1496.0,120.0,350.0,523600.0,31416.0,492184.0,388960.0,103224.0,,6, June ,2014,103224.0,4921840.0,984368.0,3937472.0,2460920.0,1476552.0,0.020972644376899698,0.10486322188449848,0.20972644376899696,4.0,1.6666666666666667,0.1,1
Government,Mexico,Velo,medium,1498.0,120.0,7.0,10486.0,629.16,9856.84,7490.0,2366.84,,6, June ,2014,2366.84,98568.4,19713.68,78854.72,49284.2,29570.519999999997,0.024012158054711248,0.12006079027355623,0.24012158054711247,4.0,1.6666666666666667,0.1,1
Small Business,France,Velo,medium,1221.0,120.0,300.0,366300.0,21978.0,344322.0,305250.0,39072.0,,10, October ,2013,39072.0,3443220.0,688644.0,2754576.0,1721610.0,1032966.0,0.011347517730496455,0.05673758865248227,0.11347517730496454,4.0,1.6666666666666667,0.1,1
Government,France,Velo,medium,2076.0,120.0,350.0,726600.0,43596.0,683004.0,539760.0,143244.0,,10, October ,2013,143244.0,6830040.0,1366008.0,5464032.0,3415020.0,2049012.0,0.020972644376899698,0.10486322188449848,0.20972644376899696,4.0,1.6666666666666667,0.1,1
Midmarket,Canada,VTT,medium,2844.0,250.0,15.0,42660.0,2559.6,40100.4,28440.0,11660.4,,6, June ,2014,11660.4,401004.0,80200.8,320803.2,200502.0,120301.2,0.029078014184397163,0.1453900709219858,0.2907801418439716,4.0,1.6666666666666667,0.1,1
Government,Mexico,VTT,medium,1498.0,250.0,7.0,10486.0,629.16,9856.84,7490.0,2366.84,,6, June ,2014,2366.84,98568.4,19713.68,78854.72,49284.2,29570.519999999997,0.024012158054711248,0.12006079027355623,0.24012158054711247,4.0,1.6666666666666667,0.1,1
Small Business,France,VTT,medium,1221.0,250.0,300.0,366300.0,21978.0,344322.0,305250.0,39072.0,,10, October ,2013,39072.0,3443220.0,688644.0,2754576.0,1721610.0,1032966.0,0.011347517730496455,0.05673758865248227,0.11347517730496454,4.0,1.6666666666666667,0.1,1
Government,Mexico,VTT,medium,1123.0,250.0,20.0,22460.0,1347.6,21112.4,11230.0,9882.4,,11, November ,2013,9882.4,211124.0,42224.8,168899.2,105562.0,63337.2,0.04680851063829787,0.23404255319148934,0.4680851063829787,4.0,1.6666666666666667,0.1,0
Small Business,Canada,VTT,medium,2436.0,250.0,300.0,730800.0,43848.0,686952.0,609000.0,77952.0,,12, December ,2013,77952.0,6869520.0,1373904.0,5495616.0,3434760.0,2060856.0,0.011347517730496455,0.05673758865248227,0.11347517730496454,4.0,1.6666666666666667,0.1,1
Enterprise,France,Amarilla,medium,1987.5,260.0,125.0,248437.5,14906.25,233531.25,238500.0,11106.1,,1, January ,2014,11106.1,2335312.5,467062.5,1868250.0,1167656.25,700593.75,0.004755723270440252,0.02377861635220126,0.04755723270440252,4.0,1.6666666666666667,0.1,1
Government,Mexico,Amarilla,medium,1679.0,260.0,350.0,587650.0,35259.0,552391.0,436540.0,115851.0,,9, September ,2014,115851.0,5523910.0,1104782.0,4419128.0,2761955.0,1657173.0,0.020972644376899698,0.10486322188449848,0.20972644376899696,4.0,1.6666666666666667,0.1,1
Government,United States of America,Amarilla,medium,727.0,260.0,350.0,254450.0,15267.0,239183.0,189020.0,50163.0,,10, October ,2013,50163.0,2391830.0,478366.0,1913464.0,1195915.0,717549.0,0.020972644376899698,0.10486322188449848,0.20972644376899696,4.0,1.6666666666666667,0.1,1
Government,France,Amarilla,medium,1403.0,260.0,7.0,9821.0,589.26,9231.74,7015.0,2216.74,,10, October ,2013,2216.74,92317.4,18463.48,73853.92,46158.7,27695.219999999998,0.024012158054711245,0.12006079027355622,0.24012158054711244,4.0,1.6666666666666667,0.1,1
Government,France,Amarilla,medium,2076.0,260.0,350.0,726600.0,43596.0,683004.0,539760.0,143244.0,,10, October ,2013,143244.0,6830040.0,1366008.0,5464032.0,3415020.0,2049012.0,0.020972644376899698,0.10486322188449848,0.20972644376899696,4.0,1.6666666666666667,0.1,1
Government,France,Montana,medium,1757.0,5.0,20.0,35140.0,2108.4,33031.6,17570.0,15461.6,,10, October ,2013,15461.6,330316.0,66063.2,264252.8,165158.0,99094.8,0.04680851063829787,0.23404255319148937,0.46808510638297873,4.0,1.6666666666666665,0.09999999999999999,0
Midmarket,United States of America,Paseo,medium,2198.0,10.0,15.0,32970.0,1978.2,30991.8,21980.0,9011.8,,8, August ,2014,9011.8,309918.0,61983.600000000006,247934.40000000002,154959.0,92975.4,0.02907801418439716,0.1453900709219858,0.2907801418439716,4.0,1.6666666666666667,0.09999999999999999,1
Midmarket,Germany,Paseo,medium,1743.0,10.0,15.0,26145.0,1568.7,24576.3,17430.0,7146.3,,8, August ,2014,7146.3,245763.0,49152.600000000006,196610.40000000002,122881.5,73728.9,0.029078014184397163,0.1453900709219858,0.29078014184397166,4.0,1.6666666666666667,0.09999999999999999,1
Midmarket,United States of America,Paseo,medium,1153.0,10.0,15.0,17295.0,1037.7,16257.3,11530.0,4727.3,,10, October ,2014,4727.3,162573.0,32514.600000000002,130058.40000000001,81286.5,48771.9,0.029078014184397163,0.1453900709219858,0.29078014184397166,4.0,1.6666666666666665,0.09999999999999999,1
Government,France,Paseo,medium,1757.0,10.0,20.0,35140.0,2108.4,33031.6,17570.0,15461.6,,10, October ,2013,15461.6,330316.0,66063.2,264252.8,165158.0,99094.8,0.04680851063829787,0.23404255319148937,0.46808510638297873,4.0,1.6666666666666665,0.09999999999999999,0
Government,Germany,Velo,medium,1001.0,120.0,20.0,20020.0,1201.2,18818.8,10010.0,8808.8,,8, August ,2014,8808.8,188188.0,37637.6,150550.4,94094.0,56456.4,0.04680851063829787,0.23404255319148934,0.4680851063829787,4.0,1.6666666666666665,0.09999999999999999,0
Government,Mexico,Velo,medium,1333.0,120.0,7.0,9331.0,559.86,8771.14,6665.0,2106.14,,11, November ,2014,2106.14,87711.4,17542.28,70169.12,43855.7,26313.42,0.024012158054711245,0.12006079027355623,0.24012158054711247,4.0,1.6666666666666667,0.1,1
Midmarket,United States of America,VTT,medium,1153.0,250.0,15.0,17295.0,1037.7,16257.3,11530.0,4727.3,,10, October ,2014,4727.3,162573.0,32514.600000000002,130058.40000000001,81286.5,48771.9,0.029078014184397163,0.1453900709219858,0.29078014184397166,4.0,1.6666666666666665,0.09999999999999999,1
Channel Partners,Mexico,Carretera,medium,727.0,3.0,12.0,8724.0,610.68,8113.32,2181.0,5932.32,,2, February ,2014,5932.32,81133.2,16226.64,64906.56,40566.6,24339.96,0.07311827956989247,0.3655913978494624,0.7311827956989247,4.0,1.6666666666666667,0.1,0
Channel Partners,Canada,Carretera,medium,1884.0,3.0,12.0,22608.0,1582.56,21025.44,5652.0,15373.44,,8, August ,2014,15373.44,210254.4,42050.880000000005,168203.52000000002,105127.2,63076.31999999999,0.07311827956989247,0.3655913978494623,0.7311827956989247,4.0,1.6666666666666667,0.09999999999999999,0
Government,Mexico,Carretera,medium,1834.0,3.0,20.0,36680.0,2567.6,34112.4,18340.0,15772.4,,9, September ,2013,15772.4,341124.0,68224.8,272899.2,170562.0,102337.2,0.046236559139784944,0.23118279569892472,0.46236559139784944,4.0,1.6666666666666667,0.1,0
Channel Partners,Mexico,Montana,medium,2340.0,5.0,12.0,28080.0,1965.6,26114.4,7020.0,19094.4,,1, January ,2014,19094.4,261144.0,52228.8,208915.2,130572.0,78343.2,0.07311827956989247,0.3655913978494624,0.7311827956989247,4.0,1.6666666666666667,0.1,0
Channel Partners,France,Montana,medium,2342.0,5.0,12.0,28104.0,1967.28,26136.72,7026.0,19110.72,,11, November ,2014,19110.72,261367.2,52273.44,209093.76,130683.6,78410.16,0.07311827956989247,0.3655913978494624,0.7311827956989247,4.0,1.6666666666666667,0.1,0
Government,France,Paseo,medium,1031.0,10.0,7.0,7217.0,505.19,6711.81,5155.0,1556.81,,9, September ,2013,1556.81,67118.1,13423.620000000003,53694.48000000001,33559.05,20135.43,0.023195084485407063,0.1159754224270353,0.23195084485407064,4.0,1.6666666666666667,0.09999999999999999,1
Midmarket,Canada,Velo,medium,1262.0,120.0,15.0,18930.0,1325.1,17604.9,12620.0,4984.9,,5, May ,2014,4984.9,176049.0,35209.8,140839.2,88024.5,52814.7,0.028315412186379927,0.14157706093189962,0.28315412186379924,4.0,1.6666666666666667,0.1,1
Government,Canada,Velo,medium,1135.0,120.0,7.0,7945.0,556.15,7388.85,5675.0,1713.85,,6, June ,2014,1713.85,73888.5,14777.7,59110.8,36944.25,22166.55,0.023195084485407066,0.11597542242703532,0.23195084485407064,4.0,1.6666666666666667,0.1,1
Government,United States of America,Velo,medium,547.0,120.0,7.0,3829.0,268.03,3560.97,2735.0,825.97,,11, November ,2014,825.97,35609.7,7121.94,28487.76,17804.85,10682.909999999998,0.02319508448540707,0.11597542242703535,0.2319508448540707,4.0,1.6666666666666667,0.1,1
Government,Canada,Velo,medium,1582.0,120.0,7.0,11074.0,775.18,10298.82,7910.0,2388.82,,12, December ,2014,2388.82,102988.2,20597.64,82390.56,51494.1,30896.46,0.02319508448540707,0.11597542242703535,0.2319508448540707,4.0,1.6666666666666667,0.1,1
Channel Partners,France,VTT,medium,1738.5,250.0,12.0,20862.0,1460.34,19401.66,5215.5,14186.16,,4, April ,2014,14186.16,194016.6,38803.32,155213.28,97008.3,58204.98,0.07311827956989247,0.3655913978494624,0.7311827956989247,4.0,1.6666666666666665,0.09999999999999999,0
Channel Partners,Germany,VTT,medium,2215.0,250.0,12.0,26580.0,1860.6,24719.4,6645.0,18074.4,,9, September ,2013,18074.4,247194.0,49438.8,197755.2,123597.0,74158.2,0.07311827956989247,0.3655913978494624,0.7311827956989247,4.0,1.6666666666666667,0.1,0
Government,Canada,VTT,medium,1582.0,250.0,7.0,11074.0,775.18,10298.82,7910.0,2388.82,,12, December ,2014,2388.82,102988.2,20597.64,82390.56,51494.1,30896.46,0.02319508448540707,0.11597542242703535,0.2319508448540707,4.0,1.6666666666666667,0.1,1
Government,Canada,Amarilla,medium,1135.0,260.0,7.0,7945.0,556.15,7388.85,5675.0,1713.85,,6, June ,2014,1713.85,73888.5,14777.7,59110.8,36944.25,22166.55,0.023195084485407066,0.11597542242703532,0.23195084485407064,4.0,1.6666666666666667,0.1,1
Government,United States of America,Carretera,medium,1761.0,3.0,350.0,616350.0,43144.5,573205.5,457860.0,115345.5,,3, March ,2014,115345.5,5732055.0,1146411.0,4585644.0,2866027.5,1719616.5,0.020122887864823347,0.10061443932411675,0.2012288786482335,4.0,1.6666666666666667,0.1,1
Small Business,France,Carretera,medium,448.0,3.0,300.0,134400.0,9408.0,124992.0,112000.0,12992.0,,6, June ,2014,12992.0,1249920.0,249984.0,999936.0,624960.0,374976.0,0.01039426523297491,0.05197132616487455,0.1039426523297491,4.0,1.6666666666666667,0.1,1
Small Business,France,Carretera,medium,2181.0,3.0,300.0,654300.0,45801.0,608499.0,545250.0,63249.0,,10, October ,2014,63249.0,6084990.0,1216998.0,4867992.0,3042495.0,1825497.0,0.01039426523297491,0.05197132616487455,0.1039426523297491,4.0,1.6666666666666667,0.1,1
Government,France,Montana,medium,1976.0,5.0,20.0,39520.0,2766.4,36753.6,19760.0,16993.6,,10, October ,2014,16993.6,367536.0,73507.2,294028.8,183768.0,110260.8,0.046236559139784944,0.23118279569892472,0.46236559139784944,4.0,1.6666666666666665,0.09999999999999999,0
Small Business,France,Montana,medium,2181.0,5.0,300.0,654300.0,45801.0,608499.0,545250.0,63249.0,,10, October ,2014,63249.0,6084990.0,1216998.0,4867992.0,3042495.0,1825497.0,0.01039426523297491,0.05197132616487455,0.1039426523297491,4.0,1.6666666666666667,0.1,1
Enterprise,Germany,Montana,medium,2500.0,5.0,125.0,312500.0,21875.0,290625.0,300000.0,11106.1,,11, November ,2013,11106.1,2906250.0,581250.0,2325000.0,1453125.0,871875.0,0.0038214537634408603,0.0191072688172043,0.0382145376344086,4.0,1.6666666666666667,0.1,1
Small Business,Canada,Paseo,medium,1702.0,10.0,300.0,510600.0,35742.0,474858.0,425500.0,49358.0,,5, May ,2014,49358.0,4748580.0,949716.0,3798864.0,2374290.0,1424574.0,0.01039426523297491,0.05197132616487455,0.1039426523297491,4.0,1.6666666666666667,0.1,1
Small Business,France,Paseo,medium,448.0,10.0,300.0,134400.0,9408.0,124992.0,112000.0,12992.0,,6, June ,2014,12992.0,1249920.0,249984.0,999936.0,624960.0,374976.0,0.01039426523297491,0.05197132616487455,0.1039426523297491,4.0,1.6666666666666667,0.1,1
Enterprise,Germany,Paseo,medium,3513.0,10.0,125.0,439125.0,30738.75,408386.25,421560.0,11106.1,,7, July ,2014,11106.1,4083862.5,816772.5,3267090.0,2041931.25,1225158.75,0.0027195087983496015,0.013597543991748008,0.027195087983496017,4.0,1.6666666666666667,0.1,1
Midmarket,France,Paseo,medium,2101.0,10.0,15.0,31515.0,2206.05,29308.95,21010.0,8298.95,,8, August ,2014,8298.95,293089.5,58617.9,234471.6,146544.75,87926.84999999999,0.02831541218637993,0.14157706093189965,0.2831541218637993,4.0,1.6666666666666667,0.1,1
Midmarket,United States of America,Paseo,medium,2931.0,10.0,15.0,43965.0,3077.55,40887.45,29310.0,11577.45,,9, September ,2013,11577.45,408874.5,81774.90000000001,327099.60000000003,204437.25,122662.34999999999,0.02831541218637993,0.14157706093189965,0.28315412186379935,4.0,1.6666666666666667,0.09999999999999999,1
Government,France,Paseo,medium,1535.0,10.0,20.0,30700.0,2149.0,28551.0,15350.0,13201.0,,9, September ,2014,13201.0,285510.0,57102.0,228408.0,142755.0,85653.0,0.046236559139784944,0.23118279569892472,0.46236559139784944,4.0,1.6666666666666667,0.1,0
Small Business,Germany,Paseo,medium,1123.0,10.0,300.0,336900.0,23583.0,313317.0,280750.0,32567.0,,9, September ,2013,32567.0,3133170.0,626634.0,2506536.0,1566585.0,939951.0,0.01039426523297491,0.05197132616487455,0.1039426523297491,4.0,1.6666666666666667,0.1,1
Small Business,Canada,Paseo,medium,1404.0,10.0,300.0,421200.0,29484.0,391716.0,351000.0,40716.0,,11, November ,2013,40716.0,3917160.0,783432.0,3133728.0,1958580.0,1175148.0,0.01039426523297491,0.05197132616487455,0.1039426523297491,4.0,1.6666666666666667,0.1,1
Channel Partners,Mexico,Paseo,medium,2763.0,10.0,12.0,33156.0,2320.92,30835.08,8289.0,22546.08,,11, November ,2013,22546.08,308350.80000000005,61670.16000000001,246680.64000000004,154175.40000000002,92505.24,0.07311827956989246,0.3655913978494623,0.7311827956989247,4.0,1.6666666666666667,0.09999999999999999,0
Government,Germany,Paseo,medium,2125.0,10.0,7.0,14875.0,1041.25,13833.75,10625.0,3208.75,,12, December ,2013,3208.75,138337.5,27667.5,110670.0,69168.75,41501.25,0.023195084485407066,0.11597542242703533,0.23195084485407066,4.0,1.6666666666666667,0.1,1
Small Business,France,Velo,medium,1659.0,120.0,300.0,497700.0,34839.0,462861.0,414750.0,48111.0,,7, July ,2014,48111.0,4628610.0,925722.0,3702888.0,2314305.0,1388583.0,0.01039426523297491,0.05197132616487455,0.1039426523297491,4.0,1.6666666666666667,0.1,1
Government,Mexico,Velo,medium,609.0,120.0,20.0,12180.0,852.6,11327.4,6090.0,5237.4,,8, August ,2014,5237.4,113274.0,22654.800000000003,90619.20000000001,56637.0,33982.2,0.046236559139784944,0.2311827956989247,0.46236559139784944,4.0,1.6666666666666667,0.09999999999999999,0
Enterprise,Germany,Velo,medium,2087.0,120.0,125.0,260875.0,18261.25,242613.75,250440.0,11106.1,,9, September ,2014,11106.1,2426137.5,485227.5,1940910.0,1213068.75,727841.25,0.00457768778562633,0.022888438928131652,0.045776877856263304,4.0,1.6666666666666667,0.1,1
Government,France,Velo,medium,1976.0,120.0,20.0,39520.0,2766.4,36753.6,19760.0,16993.6,,10, October ,2014,16993.6,367536.0,73507.2,294028.8,183768.0,110260.8,0.046236559139784944,0.23118279569892472,0.46236559139784944,4.0,1.6666666666666665,0.09999999999999999,0
Government,United States of America,Velo,medium,1421.0,120.0,20.0,28420.0,1989.4,26430.6,14210.0,12220.6,,12, December ,2013,12220.6,264306.0,52861.200000000004,211444.80000000002,132153.0,79291.8,0.04623655913978495,0.23118279569892472,0.4623655913978495,4.0,1.6666666666666665,0.09999999999999999,0
Small Business,United States of America,Velo,medium,1372.0,120.0,300.0,411600.0,28812.0,382788.0,343000.0,39788.0,,12, December ,2014,39788.0,3827880.0,765576.0,3062304.0,1913940.0,1148364.0,0.01039426523297491,0.05197132616487455,0.1039426523297491,4.0,1.6666666666666667,0.1,1
Government,Germany,Velo,medium,588.0,120.0,20.0,11760.0,823.2,10936.8,5880.0,5056.8,,12, December ,2013,5056.8,109368.0,21873.600000000002,87494.40000000001,54684.0,32810.4,0.04623655913978495,0.23118279569892472,0.4623655913978495,4.0,1.6666666666666665,0.09999999999999999,0
Channel Partners,Canada,VTT,medium,3244.5,250.0,12.0,38934.0,2725.38,36208.62,9733.5,26475.12,,1, January ,2014,26475.12,362086.2,72417.24,289668.96,181043.1,108625.86,0.07311827956989247,0.3655913978494623,0.7311827956989246,4.0,1.6666666666666667,0.1,0
Small Business,France,VTT,medium,959.0,250.0,300.0,287700.0,20139.0,267561.0,239750.0,27811.0,,2, February ,2014,27811.0,2675610.0,535122.0,2140488.0,1337805.0,802683.0,0.01039426523297491,0.05197132616487455,0.1039426523297491,4.0,1.6666666666666667,0.1,1
Small Business,Mexico,VTT,medium,2747.0,250.0,300.0,824100.0,57687.0,766413.0,686750.0,79663.0,,2, February ,2014,79663.0,7664130.0,1532826.0,6131304.0,3832065.0,2299239.0,0.01039426523297491,0.05197132616487455,0.1039426523297491,4.0,1.6666666666666667,0.1,1
Enterprise,Canada,Amarilla,medium,1645.0,260.0,125.0,205625.0,14393.75,191231.25,197400.0,11106.1,,5, May ,2014,11106.1,1912312.5,382462.5,1529850.0,956156.25,573693.75,0.005807680491551459,0.0290384024577573,0.0580768049155146,4.0,1.6666666666666667,0.1,1
Government,France,Amarilla,medium,2876.0,260.0,350.0,1006600.0,70462.0,936138.0,747760.0,188378.0,,9, September ,2014,188378.0,9361380.0,1872276.0,7489104.0,4680690.0,2808414.0,0.020122887864823347,0.10061443932411675,0.2012288786482335,4.0,1.6666666666666667,0.1,1
Enterprise,Germany,Amarilla,medium,994.0,260.0,125.0,124250.0,8697.5,115552.5,119280.0,11106.1,,9, September ,2013,11106.1,1155525.0,231105.0,924420.0,577762.5,346657.5,0.009611302221933753,0.04805651110966877,0.09611302221933754,4.0,1.6666666666666667,0.1,1
Government,Canada,Amarilla,medium,1118.0,260.0,20.0,22360.0,1565.2,20794.8,11180.0,9614.8,,11, November ,2014,9614.8,207948.0,41589.600000000006,166358.40000000002,103974.0,62384.399999999994,0.046236559139784944,0.2311827956989247,0.46236559139784944,4.0,1.6666666666666667,0.09999999999999999,0
Small Business,United States of America,Amarilla,medium,1372.0,260.0,300.0,411600.0,28812.0,382788.0,343000.0,39788.0,,12, December ,2014,39788.0,3827880.0,765576.0,3062304.0,1913940.0,1148364.0,0.01039426523297491,0.05197132616487455,0.1039426523297491,4.0,1.6666666666666667,0.1,1
Government,Canada,Montana,medium,488.0,5.0,7.0,3416.0,273.28,3142.72,2440.0,702.72,,2, February ,2014,702.72,31427.199999999997,6285.44,25141.76,15713.599999999999,9428.159999999998,0.02236024844720497,0.11180124223602486,0.22360248447204972,4.0,1.666666666666667,0.1,1
Government,United States of America,Montana,medium,1282.0,5.0,20.0,25640.0,2051.2,23588.8,12820.0,10768.8,,6, June ,2014,10768.8,235888.0,47177.600000000006,188710.40000000002,117944.0,70766.4,0.04565217391304348,0.22826086956521735,0.45652173913043476,4.0,1.6666666666666667,0.09999999999999999,0
Government,Canada,Paseo,medium,257.0,10.0,7.0,1799.0,143.92,1655.08,1285.0,370.08,,5, May ,2014,370.08,16550.8,3310.16,13240.64,8275.4,4965.24,0.02236024844720497,0.11180124223602485,0.2236024844720497,4.0,1.6666666666666667,0.1,1
Government,United States of America,Amarilla,medium,1282.0,260.0,20.0,25640.0,2051.2,23588.8,12820.0,10768.8,,6, June ,2014,10768.8,235888.0,47177.600000000006,188710.40000000002,117944.0,70766.4,0.04565217391304348,0.22826086956521735,0.45652173913043476,4.0,1.6666666666666667,0.09999999999999999,0
Enterprise,Mexico,Carretera,medium,1540.0,3.0,125.0,192500.0,15400.0,177100.0,184800.0,11106.1,,8, August ,2014,11106.1,1771000.0,354200.0,1416800.0,885500.0,531300.0,0.006271089779785432,0.03135544889892716,0.06271089779785433,4.0,1.6666666666666667,0.1,1
Midmarket,France,Carretera,medium,490.0,3.0,15.0,7350.0,588.0,6762.0,4900.0,1862.0,,11, November ,2014,1862.0,67620.0,13524.0,54096.0,33810.0,20286.0,0.02753623188405797,0.13768115942028986,0.2753623188405797,4.0,1.6666666666666667,0.1,1
Government,Mexico,Carretera,medium,1362.0,3.0,350.0,476700.0,38136.0,438564.0,354120.0,84444.0,,12, December ,2014,84444.0,4385640.0,877128.0,3508512.0,2192820.0,1315692.0,0.019254658385093167,0.09627329192546584,0.19254658385093168,4.0,1.6666666666666667,0.1,1
Midmarket,France,Montana,medium,2501.0,5.0,15.0,37515.0,3001.2,34513.8,25010.0,9503.8,,3, March ,2014,9503.8,345138.0,69027.6,276110.4,172569.0,103541.4,0.02753623188405797,0.13768115942028983,0.27536231884057966,4.0,1.6666666666666667,0.1,1
Government,Canada,Montana,medium,708.0,5.0,20.0,14160.0,1132.8,13027.2,7080.0,5947.2,,6, June ,2014,5947.2,130272.0,26054.4,104217.6,65136.0,39081.6,0.04565217391304348,0.22826086956521738,0.45652173913043476,4.0,1.6666666666666667,0.1,0
Government,Germany,Montana,medium,645.0,5.0,20.0,12900.0,1032.0,11868.0,6450.0,5418.0,,7, July ,2014,5418.0,118680.0,23736.0,94944.0,59340.0,35604.0,0.04565217391304348,0.22826086956521738,0.45652173913043476,4.0,1.6666666666666667,0.1,0
Small Business,France,Montana,medium,1562.0,5.0,300.0,468600.0,37488.0,431112.0,390500.0,40612.0,,8, August ,2014,40612.0,4311120.0,862224.0,3448896.0,2155560.0,1293336.0,0.009420289855072464,0.04710144927536232,0.09420289855072464,4.0,1.6666666666666667,0.1,1
Small Business,Canada,Montana,medium,1283.0,5.0,300.0,384900.0,30792.0,354108.0,320750.0,33358.0,,9, September ,2013,33358.0,3541080.0,708216.0,2832864.0,1770540.0,1062324.0,0.009420289855072464,0.04710144927536232,0.09420289855072464,4.0,1.6666666666666667,0.1,1
Midmarket,Germany,Montana,medium,711.0,5.0,15.0,10665.0,853.2,9811.8,7110.0,2701.8,,12, December ,2014,2701.8,98118.0,19623.600000000002,78494.40000000001,49059.0,29435.399999999998,0.027536231884057974,0.13768115942028986,0.27536231884057977,4.0,1.6666666666666667,0.09999999999999999,1
Enterprise,Mexico,Paseo,medium,1114.0,10.0,125.0,139250.0,11140.0,128110.0,133680.0,11106.1,,3, March ,2014,11106.1,1281100.0,256220.0,1024880.0,640550.0,384330.0,0.008669190539380221,0.0433459526969011,0.0866919053938022,4.0,1.6666666666666667,0.1,1
Government,Germany,Paseo,medium,1259.0,10.0,7.0,8813.0,705.04,8107.96,6295.0,1812.96,,4, April ,2014,1812.96,81079.6,16215.920000000002,64863.68000000001,40539.8,24323.88,0.022360248447204967,0.11180124223602483,0.2236024844720497,4.0,1.6666666666666667,0.09999999999999999,1
Government,Germany,Paseo,medium,1095.0,10.0,7.0,7665.0,613.2,7051.8,5475.0,1576.8,,5, May ,2014,1576.8,70518.0,14103.6,56414.4,35259.0,21155.399999999998,0.022360248447204967,0.11180124223602483,0.22360248447204967,4.0,1.6666666666666667,0.1,1
Government,Germany,Paseo,medium,1366.0,10.0,20.0,27320.0,2185.6,25134.4,13660.0,11474.4,,6, June ,2014,11474.4,251344.0,50268.8,201075.2,125672.0,75403.2,0.04565217391304348,0.22826086956521738,0.45652173913043476,4.0,1.6666666666666667,0.1,0
Small Business,Mexico,Paseo,medium,2460.0,10.0,300.0,738000.0,59040.0,678960.0,615000.0,63960.0,,6, June ,2014,63960.0,6789600.0,1357920.0,5431680.0,3394800.0,2036880.0,0.009420289855072464,0.04710144927536232,0.09420289855072464,4.0,1.6666666666666667,0.1,1
Government,United States of America,Paseo,medium,678.0,10.0,7.0,4746.0,379.68,4366.32,3390.0,976.32,,8, August ,2014,976.32,43663.2,8732.64,34930.56,21831.6,13098.96,0.02236024844720497,0.11180124223602486,0.22360248447204972,4.0,1.6666666666666667,0.1,1
Government,Germany,Paseo,medium,1598.0,10.0,7.0,11186.0,894.88,10291.12,7990.0,2301.12,,8, August ,2014,2301.12,102911.20000000001,20582.240000000005,82328.96000000002,51455.600000000006,30873.36,0.022360248447204967,0.1118012422360248,0.22360248447204967,4.0,1.6666666666666667,0.09999999999999999,1
Government,Germany,Paseo,medium,2409.0,10.0,7.0,16863.0,1349.04,15513.96,12045.0,3468.96,,9, September ,2013,3468.96,155139.59999999998,31027.92,124111.68,77569.79999999999,46541.87999999999,0.022360248447204974,0.11180124223602485,0.2236024844720497,4.0,1.6666666666666667,0.1,1
Government,Germany,Paseo,medium,1934.0,10.0,20.0,38680.0,3094.4,35585.6,19340.0,16245.6,,9, September ,2014,16245.6,355856.0,71171.2,284684.8,177928.0,106756.8,0.04565217391304348,0.2282608695652174,0.4565217391304348,4.0,1.6666666666666665,0.09999999999999999,0
Government,Mexico,Paseo,medium,2993.0,10.0,20.0,59860.0,4788.8,55071.2,29930.0,25141.2,,9, September ,2014,25141.2,550712.0,110142.40000000001,440569.60000000003,275356.0,165213.6,0.04565217391304348,0.22826086956521738,0.4565217391304348,4.0,1.6666666666666665,0.09999999999999999,0
Government,Germany,Paseo,medium,2146.0,10.0,350.0,751100.0,60088.0,691012.0,557960.0,133052.0,,11, November ,2013,133052.0,6910120.0,1382024.0,5528096.0,3455060.0,2073036.0,0.019254658385093167,0.09627329192546584,0.19254658385093168,4.0,1.6666666666666667,0.1,1
Government,Mexico,Paseo,medium,1946.0,10.0,7.0,13622.0,1089.76,12532.24,9730.0,2802.24,,12, December ,2013,2802.24,125322.4,25064.48,100257.92,62661.2,37596.719999999994,0.022360248447204967,0.11180124223602483,0.22360248447204967,4.0,1.666666666666667,0.1,1
Government,Mexico,Paseo,medium,1362.0,10.0,350.0,476700.0,38136.0,438564.0,354120.0,84444.0,,12, December ,2014,84444.0,4385640.0,877128.0,3508512.0,2192820.0,1315692.0,0.019254658385093167,0.09627329192546584,0.19254658385093168,4.0,1.6666666666666667,0.1,1
Channel Partners,Canada,Velo,medium,598.0,120.0,12.0,7176.0,574.08,6601.92,1794.0,4807.92,,3, March ,2014,4807.92,66019.2,13203.84,52815.36,33009.6,19805.76,0.07282608695652175,0.3641304347826087,0.7282608695652174,4.0,1.6666666666666667,0.1,0
Government,United States of America,Velo,medium,2907.0,120.0,7.0,20349.0,1627.92,18721.08,14535.0,4186.08,,6, June ,2014,4186.08,187210.80000000002,37442.16,149768.64,93605.40000000001,56163.240000000005,0.022360248447204967,0.11180124223602483,0.22360248447204967,4.0,1.6666666666666667,0.1,1
Government,Germany,Velo,medium,2338.0,120.0,7.0,16366.0,1309.28,15056.72,11690.0,3366.72,,6, June ,2014,3366.72,150567.19999999998,30113.44,120453.76,75283.59999999999,45170.159999999996,0.02236024844720497,0.11180124223602485,0.2236024844720497,4.0,1.6666666666666665,0.1,1
Small Business,France,Velo,medium,386.0,120.0,300.0,115800.0,9264.0,106536.0,96500.0,10036.0,,11, November ,2013,10036.0,1065360.0,213072.0,852288.0,532680.0,319608.0,0.009420289855072464,0.04710144927536232,0.09420289855072464,4.0,1.6666666666666667,0.1,1
Small Business,Mexico,Velo,medium,635.0,120.0,300.0,190500.0,15240.0,175260.0,158750.0,16510.0,,12, December ,2014,16510.0,1752600.0,350520.0,1402080.0,876300.0,525780.0,0.009420289855072464,0.04710144927536232,0.09420289855072464,4.0,1.6666666666666667,0.1,1
Government,France,VTT,medium,574.5,250.0,350.0,201075.0,16086.0,184989.0,149370.0,35619.0,,4, April ,2014,35619.0,1849890.0,369978.0,1479912.0,924945.0,554967.0,0.019254658385093167,0.09627329192546584,0.19254658385093168,4.0,1.6666666666666667,0.1,1
Government,Germany,VTT,medium,2338.0,250.0,7.0,16366.0,1309.28,15056.72,11690.0,3366.72,,6, June ,2014,3366.72,150567.19999999998,30113.44,120453.76,75283.59999999999,45170.159999999996,0.02236024844720497,0.11180124223602485,0.2236024844720497,4.0,1.6666666666666665,0.1,1
Government,France,VTT,medium,381.0,250.0,350.0,133350.0,10668.0,122682.0,99060.0,23622.0,,8, August ,2014,23622.0,1226820.0,245364.0,981456.0,613410.0,368046.0,0.019254658385093167,0.09627329192546584,0.19254658385093168,4.0,1.6666666666666667,0.1,1
Government,Germany,VTT,medium,422.0,250.0,350.0,147700.0,11816.0,135884.0,109720.0,26164.0,,8, August ,2014,26164.0,1358840.0,271768.0,1087072.0,679420.0,407652.0,0.019254658385093167,0.09627329192546584,0.19254658385093168,4.0,1.6666666666666667,0.1,1
Small Business,Canada,VTT,medium,2134.0,250.0,300.0,640200.0,51216.0,588984.0,533500.0,55484.0,,9, September ,2014,55484.0,5889840.0,1177968.0,4711872.0,2944920.0,1766952.0,0.009420289855072464,0.04710144927536232,0.09420289855072464,4.0,1.6666666666666667,0.1,1
Small Business,United States of America,VTT,medium,808.0,250.0,300.0,242400.0,19392.0,223008.0,202000.0,21008.0,,12, December ,2013,21008.0,2230080.0,446016.0,1784064.0,1115040.0,669024.0,0.009420289855072464,0.04710144927536232,0.09420289855072464,4.0,1.6666666666666667,0.1,1
Government,Canada,Amarilla,medium,708.0,260.0,20.0,14160.0,1132.8,13027.2,7080.0,5947.2,,6, June ,2014,5947.2,130272.0,26054.4,104217.6,65136.0,39081.6,0.04565217391304348,0.22826086956521738,0.45652173913043476,4.0,1.6666666666666667,0.1,0
Government,United States of America,Amarilla,medium,2907.0,260.0,7.0,20349.0,1627.92,18721.08,14535.0,4186.08,,6, June ,2014,4186.08,187210.80000000002,37442.16,149768.64,93605.40000000001,56163.240000000005,0.022360248447204967,0.11180124223602483,0.22360248447204967,4.0,1.6666666666666667,0.1,1
Government,Germany,Amarilla,medium,1366.0,260.0,20.0,27320.0,2185.6,25134.4,13660.0,11474.4,,6, June ,2014,11474.4,251344.0,50268.8,201075.2,125672.0,75403.2,0.04565217391304348,0.22826086956521738,0.45652173913043476,4.0,1.6666666666666667,0.1,0
Small Business,Mexico,Amarilla,medium,2460.0,260.0,300.0,738000.0,59040.0,678960.0,615000.0,63960.0,,6, June ,2014,63960.0,6789600.0,1357920.0,5431680.0,3394800.0,2036880.0,0.009420289855072464,0.04710144927536232,0.09420289855072464,4.0,1.6666666666666667,0.1,1
Government,Germany,Amarilla,medium,1520.0,260.0,20.0,30400.0,2432.0,27968.0,15200.0,12768.0,,11, November ,2014,12768.0,279680.0,55936.0,223744.0,139840.0,83904.0,0.04565217391304348,0.22826086956521738,0.45652173913043476,4.0,1.6666666666666667,0.1,0
Midmarket,Germany,Amarilla,medium,711.0,260.0,15.0,10665.0,853.2,9811.8,7110.0,2701.8,,12, December ,2014,2701.8,98118.0,19623.600000000002,78494.40000000001,49059.0,29435.399999999998,0.027536231884057974,0.13768115942028986,0.27536231884057977,4.0,1.6666666666666667,0.09999999999999999,1
Channel Partners,Mexico,Amarilla,medium,1375.0,260.0,12.0,16500.0,1320.0,15180.0,4125.0,11055.0,,12, December ,2013,11055.0,151800.0,30360.0,121440.0,75900.0,45540.0,0.07282608695652174,0.3641304347826087,0.7282608695652174,4.0,1.6666666666666667,0.1,0
Small Business,Mexico,Amarilla,medium,635.0,260.0,300.0,190500.0,15240.0,175260.0,158750.0,16510.0,,12, December ,2014,16510.0,1752600.0,350520.0,1402080.0,876300.0,525780.0,0.009420289855072464,0.04710144927536232,0.09420289855072464,4.0,1.6666666666666667,0.1,1
Government,United States of America,VTT,medium,436.5,250.0,20.0,8730.0,698.4,8031.6,4365.0,3666.6,,7, July ,2014,3666.6,80316.0,16063.2,64252.8,40158.0,24094.8,0.04565217391304348,0.22826086956521738,0.45652173913043476,4.0,1.6666666666666667,0.1,0
Small Business,Canada,Carretera,medium,1094.0,3.0,300.0,328200.0,29538.0,298662.0,273500.0,25162.0,,6, June ,2014,25162.0,2986620.0,597324.0,2389296.0,1493310.0,895986.0,0.008424908424908424,0.04212454212454213,0.08424908424908426,4.0,1.6666666666666667,0.1,1
Channel Partners,Mexico,Carretera,medium,367.0,3.0,12.0,4404.0,396.36,4007.64,1101.0,2906.64,,10, October ,2013,2906.64,40076.4,8015.280000000001,32061.120000000003,20038.2,12022.92,0.07252747252747252,0.36263736263736257,0.7252747252747253,4.0,1.6666666666666667,0.09999999999999999,0
Small Business,Canada,Montana,medium,3802.5,5.0,300.0,1140750.0,102667.5,1038082.5,950625.0,87457.5,,4, April ,2014,87457.5,10380825.0,2076165.0,8304660.0,5190412.5,3114247.5,0.008424908424908424,0.04212454212454213,0.08424908424908426,4.0,1.6666666666666667,0.1,1
Government,France,Montana,medium,1666.0,5.0,350.0,583100.0,52479.0,530621.0,433160.0,97461.0,,5, May ,2014,97461.0,5306210.0,1061242.0,4244968.0,2653105.0,1591863.0,0.018367346938775512,0.09183673469387756,0.1836734693877551,4.0,1.6666666666666667,0.1,1
Small Business,France,Montana,medium,322.0,5.0,300.0,96600.0,8694.0,87906.0,80500.0,7406.0,,9, September ,2013,7406.0,879060.0,175812.0,703248.0,439530.0,263718.0,0.008424908424908424,0.04212454212454213,0.08424908424908426,4.0,1.6666666666666667,0.1,1
Channel Partners,Canada,Montana,medium,2321.0,5.0,12.0,27852.0,2506.68,25345.32,6963.0,18382.32,,11, November ,2014,18382.32,253453.2,50690.64000000001,202762.56000000003,126726.6,76035.96,0.07252747252747252,0.36263736263736257,0.7252747252747253,4.0,1.6666666666666665,0.09999999999999999,0
Enterprise,France,Montana,medium,1857.0,5.0,125.0,232125.0,20891.25,211233.75,222840.0,11106.1,,11, November ,2013,11106.1,2112337.5,422467.5,1689870.0,1056168.75,633701.25,0.005257729884547332,0.026288649422736662,0.052577298845473325,4.0,1.6666666666666667,0.1,1
Government,Canada,Montana,medium,1611.0,5.0,7.0,11277.0,1014.93,10262.07,8055.0,2207.07,,12, December ,2013,2207.07,102620.7,20524.14,82096.56,51310.35,30786.21,0.021507064364207223,0.10753532182103612,0.21507064364207223,4.0,1.6666666666666667,0.1,1
Enterprise,United States of America,Montana,medium,2797.0,5.0,125.0,349625.0,31466.25,318158.75,335640.0,11106.1,,12, December ,2014,11106.1,3181587.5,636317.5,2545270.0,1590793.75,954476.25,0.0034907416501982107,0.017453708250991056,0.03490741650198211,4.0,1.6666666666666667,0.1,1
Small Business,Germany,Montana,medium,334.0,5.0,300.0,100200.0,9018.0,91182.0,83500.0,7682.0,,12, December ,2013,7682.0,911820.0,182364.0,729456.0,455910.0,273546.0,0.008424908424908424,0.04212454212454213,0.08424908424908426,4.0,1.6666666666666667,0.1,1
Small Business,Mexico,Paseo,medium,2565.0,10.0,300.0,769500.0,69255.0,700245.0,641250.0,58995.0,,1, January ,2014,58995.0,7002450.0,1400490.0,5601960.0,3501225.0,2100735.0,0.008424908424908424,0.04212454212454213,0.08424908424908426,4.0,1.6666666666666667,0.1,1
Government,Mexico,Paseo,medium,2417.0,10.0,350.0,845950.0,76135.5,769814.5,628420.0,141394.5,,1, January ,2014,141394.5,7698145.0,1539629.0,6158516.0,3849072.5,2309443.5,0.018367346938775512,0.09183673469387756,0.1836734693877551,4.0,1.6666666666666667,0.1,1
Midmarket,United States of America,Paseo,medium,3675.0,10.0,15.0,55125.0,4961.25,50163.75,36750.0,13413.75,,4, April ,2014,13413.75,501637.5,100327.5,401310.0,250818.75,150491.25,0.02673992673992674,0.1336996336996337,0.2673992673992674,4.0,1.6666666666666667,0.1,1
Small Business,Canada,Paseo,medium,1094.0,10.0,300.0,328200.0,29538.0,298662.0,273500.0,25162.0,,6, June ,2014,25162.0,2986620.0,597324.0,2389296.0,1493310.0,895986.0,0.008424908424908424,0.04212454212454213,0.08424908424908426,4.0,1.6666666666666667,0.1,1
Midmarket,France,Paseo,medium,1227.0,10.0,15.0,18405.0,1656.45,16748.55,12270.0,4478.55,,10, October ,2014,4478.55,167485.5,33497.1,133988.4,83742.75,50245.65,0.026739926739926742,0.13369963369963372,0.26739926739926745,4.0,1.6666666666666665,0.09999999999999999,1
Channel Partners,Mexico,Paseo,medium,367.0,10.0,12.0,4404.0,396.36,4007.64,1101.0,2906.64,,10, October ,2013,2906.64,40076.4,8015.280000000001,32061.120000000003,20038.2,12022.92,0.07252747252747252,0.36263736263736257,0.7252747252747253,4.0,1.6666666666666667,0.09999999999999999,0
Small Business,France,Paseo,medium,1324.0,10.0,300.0,397200.0,35748.0,361452.0,331000.0,30452.0,,11, November ,2014,30452.0,3614520.0,722904.0,2891616.0,1807260.0,1084356.0,0.008424908424908424,0.04212454212454213,0.08424908424908426,4.0,1.6666666666666667,0.1,1
Channel Partners,Germany,Paseo,medium,1775.0,10.0,12.0,21300.0,1917.0,19383.0,5325.0,14058.0,,11, November ,2013,14058.0,193830.0,38766.0,155064.0,96915.0,58149.0,0.07252747252747253,0.3626373626373626,0.7252747252747253,4.0,1.6666666666666667,0.1,0
Enterprise,United States of America,Paseo,medium,2797.0,10.0,125.0,349625.0,31466.25,318158.75,335640.0,11106.1,,12, December ,2014,11106.1,3181587.5,636317.5,2545270.0,1590793.75,954476.25,0.0034907416501982107,0.017453708250991056,0.03490741650198211,4.0,1.6666666666666667,0.1,1
Midmarket,Mexico,Velo,medium,245.0,120.0,15.0,3675.0,330.75,3344.25,2450.0,894.25,,5, May ,2014,894.25,33442.5,6688.5,26754.0,16721.25,10032.75,0.02673992673992674,0.1336996336996337,0.2673992673992674,4.0,1.6666666666666667,0.1,1
Small Business,Canada,Velo,medium,3793.5,120.0,300.0,1138050.0,102424.5,1035625.5,948375.0,87250.5,,7, July ,2014,87250.5,10356255.0,2071251.0,8285004.0,5178127.5,3106876.5,0.008424908424908424,0.04212454212454213,0.08424908424908426,4.0,1.6666666666666667,0.1,1
Government,Germany,Velo,medium,1307.0,120.0,350.0,457450.0,41170.5,416279.5,339820.0,76459.5,,7, July ,2014,76459.5,4162795.0,832559.0,3330236.0,2081397.5,1248838.5,0.018367346938775512,0.09183673469387756,0.1836734693877551,4.0,1.6666666666666667,0.1,1
Enterprise,Canada,Velo,medium,567.0,120.0,125.0,70875.0,6378.75,64496.25,68040.0,11106.1,,9, September ,2014,11106.1,644962.5,128992.5,515970.0,322481.25,193488.75,0.017219760838808457,0.0860988041940423,0.1721976083880846,4.0,1.6666666666666667,0.1,1
Enterprise,Mexico,Velo,medium,2110.0,120.0,125.0,263750.0,23737.5,240012.5,253200.0,11106.1,,9, September ,2014,11106.1,2400125.0,480025.0,1920100.0,1200062.5,720037.5,0.004627300661423884,0.023136503307119423,0.046273006614238846,4.0,1.6666666666666667,0.1,1
Government,Canada,Velo,medium,1269.0,120.0,350.0,444150.0,39973.5,404176.5,329940.0,74236.5,,10, October ,2014,74236.5,4041765.0,808353.0,3233412.0,2020882.5,1212529.5,0.018367346938775512,0.09183673469387756,0.1836734693877551,4.0,1.6666666666666667,0.1,1
Channel Partners,United States of America,VTT,medium,1956.0,250.0,12.0,23472.0,2112.48,21359.52,5868.0,15491.52,,1, January ,2014,15491.52,213595.2,42719.04000000001,170876.16000000003,106797.6,64078.56,0.07252747252747252,0.36263736263736257,0.7252747252747253,4.0,1.6666666666666667,0.09999999999999999,0
Small Business,Germany,VTT,medium,2659.0,250.0,300.0,797700.0,71793.0,725907.0,664750.0,61157.0,,2, February ,2014,61157.0,7259070.0,1451814.0,5807256.0,3629535.0,2177721.0,0.008424908424908424,0.04212454212454213,0.08424908424908426,4.0,1.6666666666666667,0.1,1
Government,United States of America,VTT,medium,1351.5,250.0,350.0,473025.0,42572.25,430452.75,351390.0,79062.75,,4, April ,2014,79062.75,4304527.5,860905.5,3443622.0,2152263.75,1291358.25,0.018367346938775512,0.09183673469387756,0.1836734693877551,4.0,1.6666666666666667,0.1,1
Channel Partners,Germany,VTT,medium,880.0,250.0,12.0,10560.0,950.4,9609.6,2640.0,6969.6,,5, May ,2014,6969.6,96096.0,19219.2,76876.8,48048.0,28828.8,0.07252747252747253,0.3626373626373626,0.7252747252747253,4.0,1.6666666666666667,0.1,0
Small Business,United States of America,VTT,medium,1867.0,250.0,300.0,560100.0,50409.0,509691.0,466750.0,42941.0,,9, September ,2014,42941.0,5096910.0,1019382.0,4077528.0,2548455.0,1529073.0,0.008424908424908424,0.04212454212454213,0.08424908424908426,4.0,1.6666666666666667,0.1,1
Channel Partners,France,VTT,medium,2234.0,250.0,12.0,26808.0,2412.72,24395.28,6702.0,17693.28,,9, September ,2013,17693.28,243952.8,48790.56,195162.24,121976.4,73185.84,0.07252747252747252,0.3626373626373626,0.7252747252747253,4.0,1.6666666666666667,0.1,0
Midmarket,France,VTT,medium,1227.0,250.0,15.0,18405.0,1656.45,16748.55,12270.0,4478.55,,10, October ,2014,4478.55,167485.5,33497.1,133988.4,83742.75,50245.65,0.026739926739926742,0.13369963369963372,0.26739926739926745,4.0,1.6666666666666665,0.09999999999999999,1
Enterprise,Mexico,VTT,medium,877.0,250.0,125.0,109625.0,9866.25,99758.75,105240.0,11106.1,,11, November ,2014,11106.1,997587.5,199517.5,798070.0,498793.75,299276.25,0.01113295826180661,0.05566479130903305,0.1113295826180661,4.0,1.6666666666666667,0.1,1
Government,United States of America,Amarilla,medium,2071.0,260.0,350.0,724850.0,65236.5,659613.5,538460.0,121153.5,,9, September ,2014,121153.5,6596135.0,1319227.0,5276908.0,3298067.5,1978840.5,0.018367346938775512,0.09183673469387756,0.1836734693877551,4.0,1.6666666666666667,0.1,1
Government,Canada,Amarilla,medium,1269.0,260.0,350.0,444150.0,39973.5,404176.5,329940.0,74236.5,,10, October ,2014,74236.5,4041765.0,808353.0,3233412.0,2020882.5,1212529.5,0.018367346938775512,0.09183673469387756,0.1836734693877551,4.0,1.6666666666666667,0.1,1
Midmarket,Germany,Amarilla,medium,970.0,260.0,15.0,14550.0,1309.5,13240.5,9700.0,3540.5,,11, November ,2013,3540.5,132405.0,26481.0,105924.0,66202.5,39721.5,0.02673992673992674,0.1336996336996337,0.2673992673992674,4.0,1.6666666666666667,0.1,1
Government,Mexico,Amarilla,medium,1694.0,260.0,20.0,33880.0,3049.2,30830.8,16940.0,13890.8,,11, November ,2014,13890.8,308308.0,61661.600000000006,246646.40000000002,154154.0,92492.4,0.045054945054945054,0.22527472527472525,0.45054945054945056,4.0,1.6666666666666667,0.09999999999999999,0
Government,Germany,Carretera,medium,663.0,3.0,20.0,13260.0,1193.4,12066.6,6630.0,5436.6,,5, May ,2014,5436.6,120666.0,24133.2,96532.8,60333.0,36199.799999999996,0.04505494505494506,0.22527472527472528,0.45054945054945056,4.0,1.666666666666667,0.1,0
Government,Canada,Carretera,medium,819.0,3.0,7.0,5733.0,515.97,5217.03,4095.0,1122.03,,7, July ,2014,1122.03,52170.299999999996,10434.06,41736.24,26085.149999999998,15651.089999999998,0.021507064364207223,0.1075353218210361,0.2150706436420722,4.0,1.6666666666666667,0.1,1
Channel Partners,Germany,Carretera,medium,1580.0,3.0,12.0,18960.0,1706.4,17253.6,4740.0,12513.6,,9, September ,2014,12513.6,172536.0,34507.200000000004,138028.80000000002,86268.0,51760.799999999996,0.07252747252747253,0.3626373626373626,0.7252747252747254,4.0,1.6666666666666667,0.09999999999999999,0
Government,Mexico,Carretera,medium,521.0,3.0,7.0,3647.0,328.23,3318.77,2605.0,713.77,,12, December ,2014,713.77,33187.7,6637.54,26550.16,16593.85,9956.31,0.021507064364207223,0.1075353218210361,0.2150706436420722,4.0,1.6666666666666665,0.1,1
Government,United States of America,Paseo,medium,973.0,10.0,20.0,19460.0,1751.4,17708.6,9730.0,7978.6,,3, March ,2014,7978.6,177086.0,35417.200000000004,141668.80000000002,88543.0,53125.799999999996,0.045054945054945054,0.22527472527472525,0.4505494505494506,4.0,1.6666666666666667,0.09999999999999999,0
Government,Mexico,Paseo,medium,1038.0,10.0,20.0,20760.0,1868.4,18891.6,10380.0,8511.6,,6, June ,2014,8511.6,188916.0,37783.200000000004,151132.80000000002,94458.0,56674.799999999996,0.045054945054945054,0.22527472527472525,0.4505494505494506,4.0,1.6666666666666667,0.09999999999999999,0
Government,Germany,Paseo,medium,360.0,10.0,7.0,2520.0,226.8,2293.2,1800.0,493.2,,10, October ,2014,493.2,22932.0,4586.400000000001,18345.600000000002,11466.0,6879.599999999999,0.02150706436420722,0.10753532182103609,0.21507064364207223,4.0,1.6666666666666667,0.09999999999999999,1
Channel Partners,France,Velo,medium,1967.0,120.0,12.0,23604.0,2124.36,21479.64,5901.0,15578.64,,3, March ,2014,15578.64,214796.4,42959.28,171837.12,107398.2,64438.92,0.07252747252747253,0.3626373626373626,0.7252747252747253,4.0,1.6666666666666667,0.1,0
Midmarket,Mexico,Velo,medium,2628.0,120.0,15.0,39420.0,3547.8,35872.2,26280.0,9592.2,,4, April ,2014,9592.2,358722.0,71744.40000000001,286977.60000000003,179361.0,107616.59999999999,0.026739926739926742,0.1336996336996337,0.26739926739926745,4.0,1.6666666666666667,0.09999999999999999,1
Government,Germany,VTT,medium,360.0,250.0,7.0,2520.0,226.8,2293.2,1800.0,493.2,,10, October ,2014,493.2,22932.0,4586.400000000001,18345.600000000002,11466.0,6879.599999999999,0.02150706436420722,0.10753532182103609,0.21507064364207223,4.0,1.6666666666666667,0.09999999999999999,1
Government,France,VTT,medium,2682.0,250.0,20.0,53640.0,4827.6,48812.4,26820.0,21992.4,,11, November ,2013,21992.4,488124.0,97624.8,390499.2,244062.0,146437.19999999998,0.045054945054945054,0.22527472527472528,0.45054945054945056,4.0,1.666666666666667,0.1,0
Government,Mexico,VTT,medium,521.0,250.0,7.0,3647.0,328.23,3318.77,2605.0,713.77,,12, December ,2014,713.77,33187.7,6637.54,26550.16,16593.85,9956.31,0.021507064364207223,0.1075353218210361,0.2150706436420722,4.0,1.6666666666666665,0.1,1
Government,Mexico,Amarilla,medium,1038.0,260.0,20.0,20760.0,1868.4,18891.6,10380.0,8511.6,,6, June ,2014,8511.6,188916.0,37783.200000000004,151132.80000000002,94458.0,56674.799999999996,0.045054945054945054,0.22527472527472525,0.4505494505494506,4.0,1.6666666666666667,0.09999999999999999,0
Midmarket,Canada,Amarilla,medium,1630.5,260.0,15.0,24457.5,2201.18,22256.33,16305.0,5951.33,,7, July ,2014,5951.33,222563.30000000002,44512.66,178050.64,111281.65000000001,66768.99,0.026739943198182268,0.13369971599091135,0.2673994319818227,4.0,1.6666666666666667,0.1,1
Channel Partners,France,Amarilla,medium,306.0,260.0,12.0,3672.0,330.48,3341.52,918.0,2423.52,,12, December ,2013,2423.52,33415.2,6683.04,26732.16,16707.6,10024.56,0.07252747252747253,0.3626373626373626,0.7252747252747253,4.0,1.6666666666666665,0.1,0
Channel Partners,United States of America,Carretera,high,386.0,3.0,12.0,4632.0,463.2,4168.8,1158.0,3010.8,,10, October ,2013,3010.8,41688.0,8337.6,33350.4,20844.0,12506.4,0.07222222222222223,0.3611111111111111,0.7222222222222222,4.0,1.6666666666666667,0.1,0
Government,United States of America,Montana,high,2328.0,5.0,7.0,16296.0,1629.6,14666.4,11640.0,3026.4,,9, September ,2014,3026.4,146664.0,29332.800000000003,117331.20000000001,73332.0,43999.2,0.020634920634920634,0.10317460317460317,0.20634920634920637,4.0,1.6666666666666667,0.09999999999999999,1
Channel Partners,United States of America,Paseo,high,386.0,10.0,12.0,4632.0,463.2,4168.8,1158.0,3010.8,,10, October ,2013,3010.8,41688.0,8337.6,33350.4,20844.0,12506.4,0.07222222222222223,0.3611111111111111,0.7222222222222222,4.0,1.6666666666666667,0.1,0
Enterprise,United States of America,Carretera,high,3445.5,3.0,125.0,430687.5,43068.75,387618.75,413460.0,11106.1,,4, April ,2014,11106.1,3876187.5,775237.5,3100950.0,1938093.75,1162856.25,0.0028652122736580726,0.014326061368290363,0.028652122736580726,4.0,1.6666666666666667,0.1,1
Enterprise,France,Carretera,high,1482.0,3.0,125.0,185250.0,18525.0,166725.0,177840.0,11106.1,,12, December ,2013,11106.1,1667250.0,333450.0,1333800.0,833625.0,500175.0,0.006661328535012746,0.03330664267506373,0.06661328535012746,4.0,1.6666666666666667,0.1,1
Government,United States of America,Montana,high,2313.0,5.0,350.0,809550.0,80955.0,728595.0,601380.0,127215.0,,5, May ,2014,127215.0,7285950.0,1457190.0,5828760.0,3642975.0,2185785.0,0.01746031746031746,0.0873015873015873,0.1746031746031746,4.0,1.6666666666666667,0.1,1
Enterprise,United States of America,Montana,high,1804.0,5.0,125.0,225500.0,22550.0,202950.0,216480.0,11106.1,,11, November ,2013,11106.1,2029500.0,405900.0,1623600.0,1014750.0,608850.0,0.005472333086967233,0.027361665434836167,0.054723330869672335,4.0,1.6666666666666667,0.1,1
Midmarket,France,Montana,high,2072.0,5.0,15.0,31080.0,3108.0,27972.0,20720.0,7252.0,,12, December ,2014,7252.0,279720.0,55944.0,223776.0,139860.0,83916.0,0.025925925925925925,0.12962962962962962,0.25925925925925924,4.0,1.6666666666666667,0.1,1
Government,France,Paseo,high,1954.0,10.0,20.0,39080.0,3908.0,35172.0,19540.0,15632.0,,3, March ,2014,15632.0,351720.0,70344.0,281376.0,175860.0,105516.0,0.044444444444444446,0.2222222222222222,0.4444444444444444,4.0,1.6666666666666667,0.1,0
Small Business,Mexico,Paseo,high,591.0,10.0,300.0,177300.0,17730.0,159570.0,147750.0,11820.0,,5, May ,2014,11820.0,1595700.0,319140.0,1276560.0,797850.0,478710.0,0.007407407407407408,0.037037037037037035,0.07407407407407407,4.0,1.6666666666666667,0.1,1
Midmarket,France,Paseo,high,2167.0,10.0,15.0,32505.0,3250.5,29254.5,21670.0,7584.5,,10, October ,2013,7584.5,292545.0,58509.0,234036.0,146272.5,87763.5,0.025925925925925925,0.12962962962962962,0.25925925925925924,4.0,1.6666666666666667,0.1,1
Government,Germany,Paseo,high,241.0,10.0,20.0,4820.0,482.0,4338.0,2410.0,1928.0,,10, October ,2014,1928.0,43380.0,8676.0,34704.0,21690.0,13014.0,0.044444444444444446,0.2222222222222222,0.4444444444444444,4.0,1.6666666666666667,0.1,0
Midmarket,Germany,Velo,high,681.0,120.0,15.0,10215.0,1021.5,9193.5,6810.0,2383.5,,1, January ,2014,2383.5,91935.0,18387.0,73548.0,45967.5,27580.5,0.025925925925925925,0.12962962962962962,0.25925925925925924,4.0,1.6666666666666667,0.1,1
Midmarket,Germany,Velo,high,510.0,120.0,15.0,7650.0,765.0,6885.0,5100.0,1785.0,,4, April ,2014,1785.0,68850.0,13770.0,55080.0,34425.0,20655.0,0.025925925925925925,0.12962962962962962,0.25925925925925924,4.0,1.6666666666666667,0.1,1
Midmarket,United States of America,Velo,high,790.0,120.0,15.0,11850.0,1185.0,10665.0,7900.0,2765.0,,5, May ,2014,2765.0,106650.0,21330.0,85320.0,53325.0,31995.0,0.025925925925925925,0.12962962962962962,0.25925925925925924,4.0,1.6666666666666667,0.1,1
Government,France,Velo,high,639.0,120.0,350.0,223650.0,22365.0,201285.0,166140.0,35145.0,,7, July ,2014,35145.0,2012850.0,402570.0,1610280.0,1006425.0,603855.0,0.01746031746031746,0.0873015873015873,0.1746031746031746,4.0,1.6666666666666667,0.1,1
Enterprise,United States of America,Velo,high,1596.0,120.0,125.0,199500.0,19950.0,179550.0,191520.0,11106.1,,9, September ,2014,11106.1,1795500.0,359100.0,1436400.0,897750.0,538650.0,0.006185519353940407,0.030927596769702033,0.061855193539404066,4.0,1.6666666666666667,0.1,1
Small Business,United States of America,Velo,high,2294.0,120.0,300.0,688200.0,68820.0,619380.0,573500.0,45880.0,,10, October ,2013,45880.0,6193800.0,1238760.0,4955040.0,3096900.0,1858140.0,0.007407407407407408,0.037037037037037035,0.07407407407407407,4.0,1.6666666666666667,0.1,1
Government,Germany,Velo,high,241.0,120.0,20.0,4820.0,482.0,4338.0,2410.0,1928.0,,10, October ,2014,1928.0,43380.0,8676.0,34704.0,21690.0,13014.0,0.044444444444444446,0.2222222222222222,0.4444444444444444,4.0,1.6666666666666667,0.1,0
Government,Germany,Velo,high,2665.0,120.0,7.0,18655.0,1865.5,16789.5,13325.0,3464.5,,11, November ,2014,3464.5,167895.0,33579.0,134316.0,83947.5,50368.5,0.020634920634920634,0.10317460317460317,0.20634920634920634,4.0,1.6666666666666667,0.1,1
Enterprise,Canada,Velo,high,1916.0,120.0,125.0,239500.0,23950.0,215550.0,229920.0,11106.1,,12, December ,2013,11106.1,2155500.0,431100.0,1724400.0,1077750.0,646650.0,0.005152447228021341,0.025762236140106705,0.05152447228021341,4.0,1.6666666666666667,0.1,1
Small Business,France,Velo,high,853.0,120.0,300.0,255900.0,25590.0,230310.0,213250.0,17060.0,,12, December ,2014,17060.0,2303100.0,460620.0,1842480.0,1151550.0,690930.0,0.007407407407407408,0.037037037037037035,0.07407407407407407,4.0,1.6666666666666667,0.1,1
Enterprise,Mexico,VTT,high,341.0,250.0,125.0,42625.0,4262.5,38362.5,40920.0,11106.1,,5, May ,2014,11106.1,383625.0,76725.0,306900.0,191812.5,115087.5,0.028950407298794396,0.14475203649397198,0.28950407298794395,4.0,1.6666666666666667,0.1,1
Midmarket,Mexico,VTT,high,641.0,250.0,15.0,9615.0,961.5,8653.5,6410.0,2243.5,,7, July ,2014,2243.5,86535.0,17307.0,69228.0,43267.5,25960.5,0.025925925925925925,0.12962962962962962,0.25925925925925924,4.0,1.6666666666666667,0.1,1
Government,United States of America,VTT,high,2807.0,250.0,350.0,982450.0,98245.0,884205.0,729820.0,154385.0,,8, August ,2014,154385.0,8842050.0,1768410.0,7073640.0,4421025.0,2652615.0,0.01746031746031746,0.0873015873015873,0.1746031746031746,4.0,1.6666666666666667,0.1,1
Small Business,Mexico,VTT,high,432.0,250.0,300.0,129600.0,12960.0,116640.0,108000.0,8640.0,,9, September ,2014,8640.0,1166400.0,233280.0,933120.0,583200.0,349920.0,0.007407407407407408,0.037037037037037035,0.07407407407407407,4.0,1.6666666666666667,0.1,1
Small Business,United States of America,VTT,high,2294.0,250.0,300.0,688200.0,68820.0,619380.0,573500.0,45880.0,,10, October ,2013,45880.0,6193800.0,1238760.0,4955040.0,3096900.0,1858140.0,0.007407407407407408,0.037037037037037035,0.07407407407407407,4.0,1.6666666666666667,0.1,1
Midmarket,France,VTT,high,2167.0,250.0,15.0,32505.0,3250.5,29254.5,21670.0,7584.5,,10, October ,2013,7584.5,292545.0,58509.0,234036.0,146272.5,87763.5,0.025925925925925925,0.12962962962962962,0.25925925925925924,4.0,1.6666666666666667,0.1,1
Enterprise,Canada,VTT,high,2529.0,250.0,125.0,316125.0,31612.5,284512.5,303480.0,11106.1,,11, November ,2014,11106.1,2845125.0,569025.0,2276100.0,1422562.5,853537.5,0.0039035543253811344,0.019517771626905673,0.039035543253811346,4.0,1.6666666666666667,0.1,1
Government,Germany,VTT,high,1870.0,250.0,350.0,654500.0,65450.0,589050.0,486200.0,102850.0,,12, December ,2013,102850.0,5890500.0,1178100.0,4712400.0,2945250.0,1767150.0,0.01746031746031746,0.0873015873015873,0.1746031746031746,4.0,1.6666666666666667,0.1,1
Enterprise,United States of America,Amarilla,high,579.0,260.0,125.0,72375.0,7237.5,65137.5,69480.0,11106.1,,1, January ,2014,11106.1,651375.0,130275.0,521100.0,325687.5,195412.5,0.017050239877182884,0.08525119938591441,0.17050239877182882,4.0,1.6666666666666667,0.1,1
Government,Canada,Amarilla,high,2240.0,260.0,350.0,784000.0,78400.0,705600.0,582400.0,123200.0,,2, February ,2014,123200.0,7056000.0,1411200.0,5644800.0,3528000.0,2116800.0,0.01746031746031746,0.0873015873015873,0.1746031746031746,4.0,1.6666666666666667,0.1,1
Small Business,United States of America,Amarilla,high,2993.0,260.0,300.0,897900.0,89790.0,808110.0,748250.0,59860.0,,3, March ,2014,59860.0,8081100.0,1616220.0,6464880.0,4040550.0,2424330.0,0.007407407407407408,0.037037037037037035,0.07407407407407407,4.0,1.6666666666666667,0.1,1
Channel Partners,Canada,Amarilla,high,3520.5,260.0,12.0,42246.0,4224.6,38021.4,10561.5,27459.9,,4, April ,2014,27459.9,380214.0,76042.8,304171.2,190107.0,114064.2,0.07222222222222223,0.3611111111111111,0.7222222222222222,4.0,1.6666666666666667,0.1,0
Government,Mexico,Amarilla,high,2039.0,260.0,20.0,40780.0,4078.0,36702.0,20390.0,16312.0,,5, May ,2014,16312.0,367020.0,73404.0,293616.0,183510.0,110106.0,0.044444444444444446,0.2222222222222222,0.4444444444444444,4.0,1.6666666666666667,0.1,0
Channel Partners,Germany,Amarilla,high,2574.0,260.0,12.0,30888.0,3088.8,27799.2,7722.0,20077.2,,8, August ,2014,20077.2,277992.0,55598.4,222393.6,138996.0,83397.59999999999,0.07222222222222223,0.3611111111111111,0.7222222222222222,4.0,1.6666666666666667,0.1,0
Government,Canada,Amarilla,high,707.0,260.0,350.0,247450.0,24745.0,222705.0,183820.0,38885.0,,9, September ,2014,38885.0,2227050.0,445410.0,1781640.0,1113525.0,668115.0,0.01746031746031746,0.0873015873015873,0.1746031746031746,4.0,1.6666666666666667,0.1,1
Midmarket,France,Amarilla,high,2072.0,260.0,15.0,31080.0,3108.0,27972.0,20720.0,7252.0,,12, December ,2014,7252.0,279720.0,55944.0,223776.0,139860.0,83916.0,0.025925925925925925,0.12962962962962962,0.25925925925925924,4.0,1.6666666666666667,0.1,1
Small Business,France,Amarilla,high,853.0,260.0,300.0,255900.0,25590.0,230310.0,213250.0,17060.0,,12, December ,2014,17060.0,2303100.0,460620.0,1842480.0,1151550.0,690930.0,0.007407407407407408,0.037037037037037035,0.07407407407407407,4.0,1.6666666666666667,0.1,1
Channel Partners,France,Carretera,high,1198.0,3.0,12.0,14376.0,1581.36,12794.64,3594.0,9200.64,,10, October ,2013,9200.64,127946.4,25589.28,102357.12,63973.2,38383.92,0.07191011235955055,0.3595505617977528,0.7191011235955056,4.0,1.6666666666666667,0.1,0
Government,France,Paseo,high,2532.0,10.0,7.0,17724.0,1949.64,15774.36,12660.0,3114.36,,4, April ,2014,3114.36,157743.6,31548.72,126194.88,78871.8,47323.08,0.01974317817014446,0.09871589085072231,0.19743178170144463,4.0,1.6666666666666667,0.1,1
Channel Partners,France,Paseo,high,1198.0,10.0,12.0,14376.0,1581.36,12794.64,3594.0,9200.64,,10, October ,2013,9200.64,127946.4,25589.28,102357.12,63973.2,38383.92,0.07191011235955055,0.3595505617977528,0.7191011235955056,4.0,1.6666666666666667,0.1,0
Midmarket,Canada,Velo,high,384.0,120.0,15.0,5760.0,633.6,5126.4,3840.0,1286.4,,1, January ,2014,1286.4,51264.0,10252.800000000001,41011.200000000004,25632.0,15379.199999999999,0.0250936329588015,0.1254681647940075,0.25093632958801504,4.0,1.6666666666666667,0.09999999999999999,1
Channel Partners,Germany,Velo,high,472.0,120.0,12.0,5664.0,623.04,5040.96,1416.0,3624.96,,10, October ,2014,3624.96,50409.6,10081.92,40327.68,25204.8,15122.88,0.07191011235955057,0.3595505617977528,0.7191011235955056,4.0,1.6666666666666667,0.1,0
Government,United States of America,VTT,high,1579.0,250.0,7.0,11053.0,1215.83,9837.17,7895.0,1942.17,,3, March ,2014,1942.17,98371.7,19674.34,78697.36,49185.85,29511.51,0.019743178170144465,0.09871589085072231,0.19743178170144463,4.0,1.6666666666666667,0.1,1
Channel Partners,Mexico,VTT,high,1005.0,250.0,12.0,12060.0,1326.6,10733.4,3015.0,7718.4,,9, September ,2013,7718.4,107334.0,21466.800000000003,85867.20000000001,53667.0,32200.199999999997,0.07191011235955055,0.35955056179775274,0.7191011235955056,4.0,1.6666666666666667,0.09999999999999999,0
Midmarket,United States of America,Amarilla,high,3199.5,260.0,15.0,47992.5,5279.18,42713.33,31995.0,10718.33,,7, July ,2014,10718.33,427133.30000000005,85426.66000000002,341706.6400000001,213566.65000000002,128139.99,0.02509364172730152,0.1254682086365076,0.25093641727301524,4.0,1.6666666666666667,0.09999999999999999,1
Channel Partners,Germany,Amarilla,high,472.0,260.0,12.0,5664.0,623.04,5040.96,1416.0,3624.96,,10, October ,2014,3624.96,50409.6,10081.92,40327.68,25204.8,15122.88,0.07191011235955057,0.3595505617977528,0.7191011235955056,4.0,1.6666666666666667,0.1,0
Channel Partners,Canada,Carretera,high,1937.0,3.0,12.0,23244.0,2556.84,20687.16,5811.0,14876.16,,2, February ,2014,14876.16,206871.6,41374.32000000001,165497.28000000003,103435.8,62061.479999999996,0.07191011235955055,0.35955056179775274,0.7191011235955056,4.0,1.6666666666666667,0.09999999999999999,0
Government,Germany,Carretera,high,792.0,3.0,350.0,277200.0,30492.0,246708.0,205920.0,40788.0,,3, March ,2014,40788.0,2467080.0,493416.0,1973664.0,1233540.0,740124.0,0.01653290529695024,0.0826645264847512,0.1653290529695024,4.0,1.6666666666666667,0.1,1
Small Business,Germany,Carretera,high,2811.0,3.0,300.0,843300.0,92763.0,750537.0,702750.0,47787.0,,7, July ,2014,47787.0,7505370.0,1501074.0,6004296.0,3752685.0,2251611.0,0.006367041198501872,0.031835205992509365,0.06367041198501873,4.0,1.6666666666666667,0.1,1
Enterprise,France,Carretera,high,2441.0,3.0,125.0,305125.0,33563.75,271561.25,292920.0,11106.1,,10, October ,2014,11106.1,2715612.5,543122.5,2172490.0,1357806.25,814683.75,0.004089721931976672,0.02044860965988336,0.04089721931976672,4.0,1.6666666666666667,0.1,1
Midmarket,Canada,Carretera,high,1560.0,3.0,15.0,23400.0,2574.0,20826.0,15600.0,5226.0,,11, November ,2013,5226.0,208260.0,41652.0,166608.0,104130.0,62478.0,0.025093632958801498,0.1254681647940075,0.250936329588015,4.0,1.6666666666666667,0.1,1
Government,Mexico,Carretera,high,2706.0,3.0,7.0,18942.0,2083.62,16858.38,13530.0,3328.38,,11, November ,2013,3328.38,168583.80000000002,33716.76,134867.04,84291.90000000001,50575.14000000001,0.01974317817014446,0.09871589085072231,0.19743178170144463,4.0,1.6666666666666665,0.09999999999999999,1
Government,Germany,Montana,high,766.0,5.0,350.0,268100.0,29491.0,238609.0,199160.0,39449.0,,1, January ,2014,39449.0,2386090.0,477218.0,1908872.0,1193045.0,715827.0,0.01653290529695024,0.0826645264847512,0.1653290529695024,4.0,1.6666666666666667,0.1,1
Government,Germany,Montana,high,2992.0,5.0,20.0,59840.0,6582.4,53257.6,29920.0,23337.6,,10, October ,2013,23337.6,532576.0,106515.20000000001,426060.80000000005,266288.0,159772.8,0.043820224719101124,0.21910112359550557,0.4382022471910112,4.0,1.6666666666666667,0.09999999999999999,0
Midmarket,Mexico,Montana,high,2157.0,5.0,15.0,32355.0,3559.05,28795.95,21570.0,7225.95,,12, December ,2014,7225.95,287959.5,57591.9,230367.6,143979.75,86387.84999999999,0.025093632958801498,0.1254681647940075,0.250936329588015,4.0,1.6666666666666667,0.1,1
Small Business,Canada,Paseo,high,873.0,10.0,300.0,261900.0,28809.0,233091.0,218250.0,14841.0,,1, January ,2014,14841.0,2330910.0,466182.0,1864728.0,1165455.0,699273.0,0.006367041198501872,0.031835205992509365,0.06367041198501873,4.0,1.6666666666666667,0.1,1
Government,Mexico,Paseo,high,1122.0,10.0,20.0,22440.0,2468.4,19971.6,11220.0,8751.6,,3, March ,2014,8751.6,199716.0,39943.200000000004,159772.80000000002,99858.0,59914.799999999996,0.043820224719101124,0.2191011235955056,0.4382022471910113,4.0,1.6666666666666667,0.09999999999999999,0
Government,Canada,Paseo,high,2104.5,10.0,350.0,736575.0,81023.25,655551.75,547170.0,108381.75,,7, July ,2014,108381.75,6555517.5,1311103.5,5244414.0,3277758.75,1966655.25,0.01653290529695024,0.0826645264847512,0.1653290529695024,4.0,1.6666666666666667,0.1,1
Channel Partners,Canada,Paseo,high,4026.0,10.0,12.0,48312.0,5314.32,42997.68,12078.0,30919.68,,7, July ,2014,30919.68,429976.8,85995.36,343981.44,214988.4,128993.04,0.07191011235955057,0.3595505617977528,0.7191011235955056,4.0,1.6666666666666667,0.1,0
Channel Partners,France,Paseo,high,2425.5,10.0,12.0,29106.0,3201.66,25904.34,7276.5,18627.84,,7, July ,2014,18627.84,259043.4,51808.68,207234.72,129521.7,77713.01999999999,0.07191011235955057,0.3595505617977528,0.7191011235955056,4.0,1.666666666666667,0.1,0
Government,Canada,Paseo,high,2394.0,10.0,20.0,47880.0,5266.8,42613.2,23940.0,18673.2,,8, August ,2014,18673.2,426132.0,85226.40000000001,340905.60000000003,213066.0,127839.59999999999,0.043820224719101124,0.2191011235955056,0.4382022471910113,4.0,1.6666666666666667,0.09999999999999999,0
Midmarket,Mexico,Paseo,high,1984.0,10.0,15.0,29760.0,3273.6,26486.4,19840.0,6646.4,,8, August ,2014,6646.4,264864.0,52972.8,211891.2,132432.0,79459.2,0.025093632958801498,0.12546816479400746,0.25093632958801493,4.0,1.6666666666666667,0.1,1
Enterprise,France,Paseo,high,2441.0,10.0,125.0,305125.0,33563.75,271561.25,292920.0,11106.1,,10, October ,2014,11106.1,2715612.5,543122.5,2172490.0,1357806.25,814683.75,0.004089721931976672,0.02044860965988336,0.04089721931976672,4.0,1.6666666666666667,0.1,1
Government,Germany,Paseo,high,2992.0,10.0,20.0,59840.0,6582.4,53257.6,29920.0,23337.6,,10, October ,2013,23337.6,532576.0,106515.20000000001,426060.80000000005,266288.0,159772.8,0.043820224719101124,0.21910112359550557,0.4382022471910112,4.0,1.6666666666666667,0.09999999999999999,0
Small Business,Canada,Paseo,high,1366.0,10.0,300.0,409800.0,45078.0,364722.0,341500.0,23222.0,,11, November ,2014,23222.0,3647220.0,729444.0,2917776.0,1823610.0,1094166.0,0.006367041198501872,0.031835205992509365,0.06367041198501873,4.0,1.6666666666666667,0.1,1
Government,France,Velo,high,2805.0,120.0,20.0,56100.0,6171.0,49929.0,28050.0,21879.0,,9, September ,2013,21879.0,499290.0,99858.0,399432.0,249645.0,149787.0,0.043820224719101124,0.21910112359550563,0.43820224719101125,4.0,1.6666666666666667,0.1,0
Midmarket,Mexico,Velo,high,655.0,120.0,15.0,9825.0,1080.75,8744.25,6550.0,2194.25,,9, September ,2013,2194.25,87442.5,17488.5,69954.0,43721.25,26232.75,0.025093632958801498,0.1254681647940075,0.250936329588015,4.0,1.6666666666666667,0.1,1
Government,Mexico,Velo,high,344.0,120.0,350.0,120400.0,13244.0,107156.0,89440.0,17716.0,,10, October ,2013,17716.0,1071560.0,214312.0,857248.0,535780.0,321468.0,0.01653290529695024,0.0826645264847512,0.1653290529695024,4.0,1.6666666666666667,0.1,1
Government,Canada,Velo,high,1808.0,120.0,7.0,12656.0,1392.16,11263.84,9040.0,2223.84,,11, November ,2014,2223.84,112638.4,22527.68,90110.72,56319.2,33791.52,0.019743178170144465,0.09871589085072231,0.19743178170144463,4.0,1.6666666666666667,0.1,1
Channel Partners,France,VTT,high,1734.0,250.0,12.0,20808.0,2288.88,18519.12,5202.0,13317.12,,1, January ,2014,13317.12,185191.19999999998,37038.24,148152.96,92595.59999999999,55557.35999999999,0.07191011235955057,0.35955056179775285,0.7191011235955057,4.0,1.6666666666666667,0.1,0
Enterprise,Mexico,VTT,high,554.0,250.0,125.0,69250.0,7617.5,61632.5,66480.0,11106.1,,1, January ,2014,11106.1,616325.0,123265.0,493060.0,308162.5,184897.5,0.01801987587717519,0.09009937938587596,0.18019875877175193,4.0,1.6666666666666667,0.1,1
Government,Canada,VTT,high,2935.0,250.0,20.0,58700.0,6457.0,52243.0,29350.0,22893.0,,11, November ,2013,22893.0,522430.0,104486.0,417944.0,261215.0,156729.0,0.043820224719101124,0.21910112359550563,0.43820224719101125,4.0,1.6666666666666667,0.1,0
Enterprise,Germany,Amarilla,high,3165.0,260.0,125.0,395625.0,43518.75,352106.25,379800.0,11106.1,,1, January ,2014,11106.1,3521062.5,704212.5,2816850.0,1760531.25,1056318.75,0.0031541899639668425,0.015770949819834214,0.03154189963966843,4.0,1.6666666666666667,0.1,1
Government,Mexico,Amarilla,high,2629.0,260.0,20.0,52580.0,5783.8,46796.2,26290.0,20506.2,,1, January ,2014,20506.2,467962.0,93592.40000000001,374369.60000000003,233981.0,140388.6,0.043820224719101124,0.2191011235955056,0.43820224719101125,4.0,1.6666666666666665,0.09999999999999999,0
Enterprise,France,Amarilla,high,1433.0,260.0,125.0,179125.0,19703.75,159421.25,171960.0,11106.1,,5, May ,2014,11106.1,1594212.5,318842.5,1275370.0,797106.25,478263.75,0.006966511678963752,0.03483255839481876,0.06966511678963752,4.0,1.6666666666666667,0.1,1
Enterprise,Mexico,Amarilla,high,947.0,260.0,125.0,118375.0,13021.25,105353.75,113640.0,11106.1,,9, September ,2013,11106.1,1053537.5,210707.5,842830.0,526768.75,316061.25,0.010541722530047579,0.05270861265023789,0.10541722530047579,4.0,1.6666666666666667,0.1,1
Government,Mexico,Amarilla,high,344.0,260.0,350.0,120400.0,13244.0,107156.0,89440.0,17716.0,,10, October ,2013,17716.0,1071560.0,214312.0,857248.0,535780.0,321468.0,0.01653290529695024,0.0826645264847512,0.1653290529695024,4.0,1.6666666666666667,0.1,1
Midmarket,Mexico,Amarilla,high,2157.0,260.0,15.0,32355.0,3559.05,28795.95,21570.0,7225.95,,12, December ,2014,7225.95,287959.5,57591.9,230367.6,143979.75,86387.84999999999,0.025093632958801498,0.1254681647940075,0.250936329588015,4.0,1.6666666666666667,0.1,1
Government,United States of America,Paseo,high,380.0,10.0,7.0,2660.0,292.6,2367.4,1900.0,467.4,,9, September ,2013,467.4,23674.0,4734.8,18939.2,11837.0,7102.2,0.01974317817014446,0.0987158908507223,0.1974317817014446,4.0,1.6666666666666667,0.1,1
Government,Mexico,Carretera,high,886.0,3.0,350.0,310100.0,37212.0,272888.0,230360.0,42528.0,,6, June ,2014,42528.0,2728880.0,545776.0,2183104.0,1364440.0,818664.0,0.015584415584415584,0.07792207792207792,0.15584415584415584,4.0,1.6666666666666667,0.1,1
Enterprise,Canada,Carretera,high,2416.0,3.0,125.0,302000.0,36240.0,265760.0,289920.0,11106.1,,9, September ,2013,11106.1,2657600.0,531520.0,2126080.0,1328800.0,797280.0,0.004178996086694762,0.020894980433473813,0.041789960866947626,4.0,1.6666666666666667,0.1,1
Enterprise,Mexico,Carretera,high,2156.0,3.0,125.0,269500.0,32340.0,237160.0,258720.0,11106.1,,10, October ,2014,11106.1,2371600.0,474320.0,1897280.0,1185800.0,711480.0,0.004682956653735875,0.023414783268679372,0.046829566537358744,4.0,1.6666666666666667,0.1,1
Midmarket,Canada,Carretera,high,2689.0,3.0,15.0,40335.0,4840.2,35494.8,26890.0,8604.8,,11, November ,2014,8604.8,354948.0,70989.6,283958.4,177474.0,106484.4,0.02424242424242424,0.12121212121212119,0.24242424242424238,4.0,1.6666666666666667,0.1,1
Midmarket,United States of America,Montana,high,677.0,5.0,15.0,10155.0,1218.6,8936.4,6770.0,2166.4,,3, March ,2014,2166.4,89364.0,17872.8,71491.2,44682.0,26809.2,0.024242424242424242,0.12121212121212122,0.24242424242424243,4.0,1.6666666666666665,0.09999999999999999,1
Small Business,France,Montana,high,1773.0,5.0,300.0,531900.0,63828.0,468072.0,443250.0,24822.0,,4, April ,2014,24822.0,4680720.0,936144.0,3744576.0,2340360.0,1404216.0,0.005303030303030303,0.026515151515151516,0.05303030303030303,4.0,1.6666666666666667,0.1,1
Government,Mexico,Montana,high,2420.0,5.0,7.0,16940.0,2032.8,14907.2,12100.0,2807.2,,9, September ,2014,2807.2,149072.0,29814.4,119257.6,74536.0,44721.6,0.01883116883116883,0.09415584415584415,0.1883116883116883,4.0,1.6666666666666667,0.1,1
Government,Canada,Montana,high,2734.0,5.0,7.0,19138.0,2296.56,16841.44,13670.0,3171.44,,10, October ,2014,3171.44,168414.4,33682.88,134731.52,84207.2,50524.32,0.01883116883116883,0.09415584415584416,0.18831168831168832,4.0,1.6666666666666665,0.09999999999999999,1
Government,Mexico,Montana,high,1715.0,5.0,20.0,34300.0,4116.0,30184.0,17150.0,13034.0,,10, October ,2013,13034.0,301840.0,60368.0,241472.0,150920.0,90552.0,0.04318181818181818,0.2159090909090909,0.4318181818181818,4.0,1.6666666666666667,0.1,0
Small Business,France,Montana,high,1186.0,5.0,300.0,355800.0,42696.0,313104.0,296500.0,16604.0,,12, December ,2013,16604.0,3131040.0,626208.0,2504832.0,1565520.0,939312.0,0.005303030303030303,0.026515151515151516,0.05303030303030303,4.0,1.6666666666666667,0.1,1
Small Business,United States of America,Paseo,high,3495.0,10.0,300.0,1048500.0,125820.0,922680.0,873750.0,48930.0,,1, January ,2014,48930.0,9226800.0,1845360.0,7381440.0,4613400.0,2768040.0,0.005303030303030303,0.026515151515151516,0.05303030303030303,4.0,1.6666666666666667,0.1,1
Government,Mexico,Paseo,high,886.0,10.0,350.0,310100.0,37212.0,272888.0,230360.0,42528.0,,6, June ,2014,42528.0,2728880.0,545776.0,2183104.0,1364440.0,818664.0,0.015584415584415584,0.07792207792207792,0.15584415584415584,4.0,1.6666666666666667,0.1,1
Enterprise,Mexico,Paseo,high,2156.0,10.0,125.0,269500.0,32340.0,237160.0,258720.0,11106.1,,10, October ,2014,11106.1,2371600.0,474320.0,1897280.0,1185800.0,711480.0,0.004682956653735875,0.023414783268679372,0.046829566537358744,4.0,1.6666666666666667,0.1,1
Government,Mexico,Paseo,high,905.0,10.0,20.0,18100.0,2172.0,15928.0,9050.0,6878.0,,10, October ,2014,6878.0,159280.0,31856.0,127424.0,79640.0,47784.0,0.04318181818181818,0.2159090909090909,0.4318181818181818,4.0,1.6666666666666667,0.1,0
Government,Mexico,Paseo,high,1715.0,10.0,20.0,34300.0,4116.0,30184.0,17150.0,13034.0,,10, October ,2013,13034.0,301840.0,60368.0,241472.0,150920.0,90552.0,0.04318181818181818,0.2159090909090909,0.4318181818181818,4.0,1.6666666666666667,0.1,0
Government,France,Paseo,high,1594.0,10.0,350.0,557900.0,66948.0,490952.0,414440.0,76512.0,,11, November ,2014,76512.0,4909520.0,981904.0,3927616.0,2454760.0,1472856.0,0.015584415584415584,0.07792207792207792,0.15584415584415584,4.0,1.6666666666666667,0.1,1
Small Business,Germany,Paseo,high,1359.0,10.0,300.0,407700.0,48924.0,358776.0,339750.0,19026.0,,11, November ,2014,19026.0,3587760.0,717552.0,2870208.0,1793880.0,1076328.0,0.005303030303030303,0.026515151515151516,0.05303030303030303,4.0,1.6666666666666667,0.1,1
Small Business,Mexico,Paseo,high,2150.0,10.0,300.0,645000.0,77400.0,567600.0,537500.0,30100.0,,11, November ,2014,30100.0,5676000.0,1135200.0,4540800.0,2838000.0,1702800.0,0.005303030303030303,0.026515151515151516,0.05303030303030303,4.0,1.6666666666666667,0.1,1
Government,Mexico,Paseo,high,1197.0,10.0,350.0,418950.0,50274.0,368676.0,311220.0,57456.0,,11, November ,2014,57456.0,3686760.0,737352.0,2949408.0,1843380.0,1106028.0,0.015584415584415584,0.07792207792207792,0.15584415584415584,4.0,1.6666666666666667,0.1,1
Midmarket,Mexico,Paseo,high,380.0,10.0,15.0,5700.0,684.0,5016.0,3800.0,1216.0,,12, December ,2013,1216.0,50160.0,10032.0,40128.0,25080.0,15048.0,0.024242424242424242,0.12121212121212122,0.24242424242424243,4.0,1.6666666666666667,0.1,1
Government,Mexico,Paseo,high,1233.0,10.0,20.0,24660.0,2959.2,21700.8,12330.0,9370.8,,12, December ,2014,9370.8,217008.0,43401.600000000006,173606.40000000002,108504.0,65102.399999999994,0.043181818181818175,0.21590909090909086,0.4318181818181818,4.0,1.6666666666666667,0.09999999999999999,0
Government,Mexico,Velo,high,1395.0,120.0,350.0,488250.0,58590.0,429660.0,362700.0,66960.0,,7, July ,2014,66960.0,4296600.0,859320.0,3437280.0,2148300.0,1288980.0,0.015584415584415584,0.07792207792207792,0.15584415584415584,4.0,1.6666666666666667,0.1,1
Government,United States of America,Velo,high,986.0,120.0,350.0,345100.0,41412.0,303688.0,256360.0,47328.0,,10, October ,2014,47328.0,3036880.0,607376.0,2429504.0,1518440.0,911064.0,0.015584415584415584,0.07792207792207792,0.15584415584415584,4.0,1.6666666666666667,0.1,1
Government,Mexico,Velo,high,905.0,120.0,20.0,18100.0,2172.0,15928.0,9050.0,6878.0,,10, October ,2014,6878.0,159280.0,31856.0,127424.0,79640.0,47784.0,0.04318181818181818,0.2159090909090909,0.4318181818181818,4.0,1.6666666666666667,0.1,0
Channel Partners,Canada,VTT,high,2109.0,250.0,12.0,25308.0,3036.96,22271.04,6327.0,15944.04,,5, May ,2014,15944.04,222710.40000000002,44542.08000000001,178168.32000000004,111355.20000000001,66813.12000000001,0.0715909090909091,0.3579545454545454,0.7159090909090909,4.0,1.6666666666666665,0.09999999999999999,0
Midmarket,France,VTT,high,3874.5,250.0,15.0,58117.5,6974.1,51143.4,38745.0,12398.4,,7, July ,2014,12398.4,511434.0,102286.8,409147.2,255717.0,153430.19999999998,0.024242424242424242,0.1212121212121212,0.2424242424242424,4.0,1.666666666666667,0.1,1
Government,Canada,VTT,high,623.0,250.0,350.0,218050.0,26166.0,191884.0,161980.0,29904.0,,9, September ,2013,29904.0,1918840.0,383768.0,1535072.0,959420.0,575652.0,0.015584415584415584,0.07792207792207792,0.15584415584415584,4.0,1.6666666666666667,0.1,1
Government,United States of America,VTT,high,986.0,250.0,350.0,345100.0,41412.0,303688.0,256360.0,47328.0,,10, October ,2014,47328.0,3036880.0,607376.0,2429504.0,1518440.0,911064.0,0.015584415584415584,0.07792207792207792,0.15584415584415584,4.0,1.6666666666666667,0.1,1
Enterprise,United States of America,VTT,high,2387.0,250.0,125.0,298375.0,35805.0,262570.0,286440.0,11106.1,,11, November ,2014,11106.1,2625700.0,525140.0,2100560.0,1312850.0,787710.0,0.004229767300148532,0.02114883650074266,0.04229767300148532,4.0,1.6666666666666667,0.1,1
Government,Mexico,VTT,high,1233.0,250.0,20.0,24660.0,2959.2,21700.8,12330.0,9370.8,,12, December ,2014,9370.8,217008.0,43401.600000000006,173606.40000000002,108504.0,65102.399999999994,0.043181818181818175,0.21590909090909086,0.4318181818181818,4.0,1.6666666666666667,0.09999999999999999,0
Government,United States of America,Amarilla,high,270.0,260.0,350.0,94500.0,11340.0,83160.0,70200.0,12960.0,,2, February ,2014,12960.0,831600.0,166320.0,665280.0,415800.0,249480.0,0.015584415584415584,0.07792207792207792,0.15584415584415584,4.0,1.6666666666666667,0.1,1
Government,France,Amarilla,high,3421.5,260.0,7.0,23950.5,2874.06,21076.44,17107.5,3968.94,,7, July ,2014,3968.94,210764.4,42152.880000000005,168611.52000000002,105382.2,63229.31999999999,0.01883116883116883,0.09415584415584415,0.18831168831168832,4.0,1.6666666666666667,0.09999999999999999,1
Government,Canada,Amarilla,high,2734.0,260.0,7.0,19138.0,2296.56,16841.44,13670.0,3171.44,,10, October ,2014,3171.44,168414.4,33682.88,134731.52,84207.2,50524.32,0.01883116883116883,0.09415584415584416,0.18831168831168832,4.0,1.6666666666666665,0.09999999999999999,1
Midmarket,United States of America,Amarilla,high,2548.0,260.0,15.0,38220.0,4586.4,33633.6,25480.0,8153.6,,11, November ,2013,8153.6,336336.0,67267.2,269068.8,168168.0,100900.8,0.024242424242424242,0.12121212121212123,0.24242424242424246,4.0,1.6666666666666665,0.09999999999999999,1
Government,France,Carretera,high,2521.5,3.0,20.0,50430.0,6051.6,44378.4,25215.0,19163.4,,1, January ,2014,19163.4,443784.0,88756.8,355027.2,221892.0,133135.19999999998,0.04318181818181818,0.2159090909090909,0.4318181818181818,4.0,1.666666666666667,0.1,0
Channel Partners,Mexico,Montana,high,2661.0,5.0,12.0,31932.0,3831.84,28100.16,7983.0,20117.16,,5, May ,2014,20117.16,281001.6,56200.32,224801.28,140500.8,84300.48,0.0715909090909091,0.35795454545454547,0.7159090909090909,4.0,1.6666666666666665,0.1,0
Government,Germany,Paseo,high,1531.0,10.0,20.0,30620.0,3674.4,26945.6,15310.0,11635.6,,12, December ,2014,11635.6,269456.0,53891.200000000004,215564.80000000002,134728.0,80836.8,0.04318181818181818,0.2159090909090909,0.4318181818181819,4.0,1.6666666666666665,0.09999999999999999,0
Government,France,VTT,high,1491.0,250.0,7.0,10437.0,1252.44,9184.56,7455.0,1729.56,,3, March ,2014,1729.56,91845.59999999999,18369.12,73476.48,45922.799999999996,27553.679999999997,0.018831168831168834,0.09415584415584416,0.18831168831168832,4.0,1.6666666666666667,0.1,1
Government,Germany,VTT,high,1531.0,250.0,20.0,30620.0,3674.4,26945.6,15310.0,11635.6,,12, December ,2014,11635.6,269456.0,53891.200000000004,215564.80000000002,134728.0,80836.8,0.04318181818181818,0.2159090909090909,0.4318181818181819,4.0,1.6666666666666665,0.09999999999999999,0
Channel Partners,Canada,Amarilla,high,2761.0,260.0,12.0,33132.0,3975.84,29156.16,8283.0,20873.16,,9, September ,2013,20873.16,291561.6,58312.32,233249.28,145780.8,87468.48,0.0715909090909091,0.35795454545454547,0.7159090909090909,4.0,1.6666666666666665,0.1,0
Midmarket,United States of America,Carretera,high,2567.0,3.0,15.0,38505.0,5005.65,33499.35,25670.0,7829.35,,6, June ,2014,7829.35,334993.5,66998.7,267994.8,167496.75,100498.05,0.023371647509578545,0.11685823754789273,0.23371647509578547,4.0,1.6666666666666665,0.09999999999999999,1
Midmarket,United States of America,VTT,high,2567.0,250.0,15.0,38505.0,5005.65,33499.35,25670.0,7829.35,,6, June ,2014,7829.35,334993.5,66998.7,267994.8,167496.75,100498.05,0.023371647509578545,0.11685823754789273,0.23371647509578547,4.0,1.6666666666666665,0.09999999999999999,1
Government,Canada,Carretera,high,923.0,3.0,350.0,323050.0,41996.5,281053.5,239980.0,41073.5,,3, March ,2014,41073.5,2810535.0,562107.0,2248428.0,1405267.5,843160.5,0.014614121510673235,0.07307060755336617,0.14614121510673234,4.0,1.6666666666666667,0.1,1
Government,France,Carretera,high,1790.0,3.0,350.0,626500.0,81445.0,545055.0,465400.0,79655.0,,3, March ,2014,79655.0,5450550.0,1090110.0,4360440.0,2725275.0,1635165.0,0.014614121510673235,0.07307060755336617,0.14614121510673234,4.0,1.6666666666666667,0.1,1
Government,Germany,Carretera,high,442.0,3.0,20.0,8840.0,1149.2,7690.8,4420.0,3270.8,,9, September ,2013,3270.8,76908.0,15381.6,61526.4,38454.0,23072.399999999998,0.04252873563218391,0.21264367816091956,0.4252873563218391,4.0,1.6666666666666667,0.1,0
Government,United States of America,Montana,high,982.5,5.0,350.0,343875.0,44703.75,299171.25,255450.0,43721.25,,1, January ,2014,43721.25,2991712.5,598342.5,2393370.0,1495856.25,897513.75,0.014614121510673235,0.07307060755336617,0.14614121510673234,4.0,1.6666666666666667,0.1,1
Government,United States of America,Montana,high,1298.0,5.0,7.0,9086.0,1181.18,7904.82,6490.0,1414.82,,2, February ,2014,1414.82,79048.2,15809.64,63238.56,39524.1,23714.46,0.017898193760262724,0.08949096880131363,0.17898193760262726,4.0,1.6666666666666667,0.1,1
Channel Partners,Mexico,Montana,high,604.0,5.0,12.0,7248.0,942.24,6305.76,1812.0,4493.76,,6, June ,2014,4493.76,63057.600000000006,12611.520000000002,50446.08000000001,31528.800000000003,18917.280000000002,0.07126436781609195,0.3563218390804597,0.7126436781609196,4.0,1.6666666666666665,0.09999999999999999,0
Government,Mexico,Montana,high,2255.0,5.0,20.0,45100.0,5863.0,39237.0,22550.0,16687.0,,7, July ,2014,16687.0,392370.0,78474.0,313896.0,196185.0,117711.0,0.04252873563218391,0.21264367816091953,0.42528735632183906,4.0,1.6666666666666667,0.1,0
Government,Canada,Montana,high,1249.0,5.0,20.0,24980.0,3247.4,21732.6,12490.0,9242.6,,10, October ,2014,9242.6,217326.0,43465.200000000004,173860.80000000002,108663.0,65197.799999999996,0.04252873563218391,0.21264367816091953,0.4252873563218391,4.0,1.6666666666666667,0.09999999999999999,0
Government,United States of America,Paseo,high,1438.5,10.0,7.0,10069.5,1309.04,8760.47,7192.5,1567.97,,1, January ,2014,1567.97,87604.7,17520.94,70083.76,43802.35,26281.41,0.01789824061951014,0.08949120309755071,0.17898240619510142,4.0,1.6666666666666665,0.09999999999999999,1
Small Business,Germany,Paseo,high,807.0,10.0,300.0,242100.0,31473.0,210627.0,201750.0,8877.0,,1, January ,2014,8877.0,2106270.0,421254.0,1685016.0,1053135.0,631881.0,0.00421455938697318,0.0210727969348659,0.0421455938697318,4.0,1.6666666666666667,0.1,1
Government,United States of America,Paseo,high,2641.0,10.0,20.0,52820.0,6866.6,45953.4,26410.0,19543.4,,2, February ,2014,19543.4,459534.0,91906.8,367627.2,229767.0,137860.19999999998,0.042528735632183914,0.21264367816091956,0.4252873563218391,4.0,1.666666666666667,0.1,0
Government,Germany,Paseo,high,2708.0,10.0,20.0,54160.0,7040.8,47119.2,27080.0,20039.2,,2, February ,2014,20039.2,471192.0,94238.40000000001,376953.60000000003,235596.0,141357.6,0.04252873563218391,0.21264367816091953,0.4252873563218391,4.0,1.6666666666666665,0.09999999999999999,0
Government,Canada,Paseo,high,2632.0,10.0,350.0,921200.0,119756.0,801444.0,684320.0,117124.0,,6, June ,2014,117124.0,8014440.0,1602888.0,6411552.0,4007220.0,2404332.0,0.014614121510673235,0.07307060755336617,0.14614121510673234,4.0,1.6666666666666667,0.1,1
Enterprise,Canada,Paseo,high,1583.0,10.0,125.0,197875.0,25723.75,172151.25,189960.0,11106.1,,6, June ,2014,11106.1,1721512.5,344302.5,1377210.0,860756.25,516453.75,0.006451361811198002,0.03225680905599001,0.06451361811198002,4.0,1.6666666666666667,0.1,1
Channel Partners,Mexico,Paseo,high,571.0,10.0,12.0,6852.0,890.76,5961.24,1713.0,4248.24,,7, July ,2014,4248.24,59612.399999999994,11922.48,47689.92,29806.199999999997,17883.719999999998,0.07126436781609195,0.3563218390804598,0.7126436781609196,4.0,1.6666666666666667,0.1,0
Government,France,Paseo,high,2696.0,10.0,7.0,18872.0,2453.36,16418.64,13480.0,2938.64,,8, August ,2014,2938.64,164186.4,32837.28,131349.12,82093.2,49255.92,0.017898193760262724,0.08949096880131363,0.17898193760262726,4.0,1.6666666666666667,0.1,1
Midmarket,Canada,Paseo,high,1565.0,10.0,15.0,23475.0,3051.75,20423.25,15650.0,4773.25,,10, October ,2014,4773.25,204232.5,40846.5,163386.0,102116.25,61269.75,0.023371647509578545,0.11685823754789272,0.23371647509578544,4.0,1.6666666666666667,0.1,1
Government,Canada,Paseo,high,1249.0,10.0,20.0,24980.0,3247.4,21732.6,12490.0,9242.6,,10, October ,2014,9242.6,217326.0,43465.200000000004,173860.80000000002,108663.0,65197.799999999996,0.04252873563218391,0.21264367816091953,0.4252873563218391,4.0,1.6666666666666667,0.09999999999999999,0
Government,Germany,Paseo,high,357.0,10.0,350.0,124950.0,16243.5,108706.5,92820.0,15886.5,,11, November ,2014,15886.5,1087065.0,217413.0,869652.0,543532.5,326119.5,0.014614121510673235,0.07307060755336617,0.14614121510673234,4.0,1.6666666666666667,0.1,1
Channel Partners,Germany,Paseo,high,1013.0,10.0,12.0,12156.0,1580.28,10575.72,3039.0,7536.72,,12, December ,2014,7536.72,105757.2,21151.440000000002,84605.76000000001,52878.6,31727.159999999996,0.07126436781609195,0.3563218390804597,0.7126436781609196,4.0,1.6666666666666667,0.09999999999999999,0
Midmarket,France,Velo,high,3997.5,120.0,15.0,59962.5,7795.13,52167.38,39975.0,12192.38,,1, January ,2014,12192.38,521673.8,104334.76000000001,417339.04000000004,260836.9,156502.13999999998,0.02337165485404864,0.11685827427024319,0.2337165485404864,4.0,1.6666666666666667,0.09999999999999999,1
Government,Canada,Velo,high,2632.0,120.0,350.0,921200.0,119756.0,801444.0,684320.0,117124.0,,6, June ,2014,117124.0,8014440.0,1602888.0,6411552.0,4007220.0,2404332.0,0.014614121510673235,0.07307060755336617,0.14614121510673234,4.0,1.6666666666666667,0.1,1
Government,France,Velo,high,1190.0,120.0,7.0,8330.0,1082.9,7247.1,5950.0,1297.1,,6, June ,2014,1297.1,72471.0,14494.2,57976.8,36235.5,21741.3,0.017898193760262724,0.08949096880131362,0.17898193760262723,4.0,1.6666666666666667,0.1,1
Channel Partners,Mexico,Velo,high,604.0,120.0,12.0,7248.0,942.24,6305.76,1812.0,4493.76,,6, June ,2014,4493.76,63057.600000000006,12611.520000000002,50446.08000000001,31528.800000000003,18917.280000000002,0.07126436781609195,0.3563218390804597,0.7126436781609196,4.0,1.6666666666666665,0.09999999999999999,0
Midmarket,Germany,Velo,high,660.0,120.0,15.0,9900.0,1287.0,8613.0,6600.0,2013.0,,9, September ,2013,2013.0,86130.0,17226.0,68904.0,43065.0,25839.0,0.023371647509578545,0.11685823754789272,0.23371647509578544,4.0,1.6666666666666667,0.1,1
Channel Partners,Mexico,Velo,high,410.0,120.0,12.0,4920.0,639.6,4280.4,1230.0,3050.4,,10, October ,2014,3050.4,42804.0,8560.800000000001,34243.200000000004,21402.0,12841.199999999999,0.07126436781609195,0.3563218390804597,0.7126436781609197,4.0,1.6666666666666667,0.09999999999999999,0
Small Business,Mexico,Velo,high,2605.0,120.0,300.0,781500.0,101595.0,679905.0,651250.0,28655.0,,11, November ,2013,28655.0,6799050.0,1359810.0,5439240.0,3399525.0,2039715.0,0.00421455938697318,0.0210727969348659,0.0421455938697318,4.0,1.6666666666666667,0.1,1
Channel Partners,Germany,Velo,high,1013.0,120.0,12.0,12156.0,1580.28,10575.72,3039.0,7536.72,,12, December ,2014,7536.72,105757.2,21151.440000000002,84605.76000000001,52878.6,31727.159999999996,0.07126436781609195,0.3563218390804597,0.7126436781609196,4.0,1.6666666666666667,0.09999999999999999,0
Enterprise,Canada,VTT,high,1583.0,250.0,125.0,197875.0,25723.75,172151.25,189960.0,11106.1,,6, June ,2014,11106.1,1721512.5,344302.5,1377210.0,860756.25,516453.75,0.006451361811198002,0.03225680905599001,0.06451361811198002,4.0,1.6666666666666667,0.1,1
Midmarket,Canada,VTT,high,1565.0,250.0,15.0,23475.0,3051.75,20423.25,15650.0,4773.25,,10, October ,2014,4773.25,204232.5,40846.5,163386.0,102116.25,61269.75,0.023371647509578545,0.11685823754789272,0.23371647509578544,4.0,1.6666666666666667,0.1,1
Enterprise,Canada,Amarilla,high,1659.0,260.0,125.0,207375.0,26958.75,180416.25,199080.0,11106.1,,1, January ,2014,11106.1,1804162.5,360832.5,1443330.0,902081.25,541248.75,0.006155820221293814,0.03077910110646907,0.06155820221293814,4.0,1.6666666666666667,0.1,1
Government,France,Amarilla,high,1190.0,260.0,7.0,8330.0,1082.9,7247.1,5950.0,1297.1,,6, June ,2014,1297.1,72471.0,14494.2,57976.8,36235.5,21741.3,0.017898193760262724,0.08949096880131362,0.17898193760262723,4.0,1.6666666666666667,0.1,1
Channel Partners,Mexico,Amarilla,high,410.0,260.0,12.0,4920.0,639.6,4280.4,1230.0,3050.4,,10, October ,2014,3050.4,42804.0,8560.800000000001,34243.200000000004,21402.0,12841.199999999999,0.07126436781609195,0.3563218390804597,0.7126436781609197,4.0,1.6666666666666667,0.09999999999999999,0
Channel Partners,Germany,Amarilla,high,1770.0,260.0,12.0,21240.0,2761.2,18478.8,5310.0,13168.8,,12, December ,2013,13168.8,184788.0,36957.6,147830.4,92394.0,55436.4,0.07126436781609195,0.3563218390804598,0.7126436781609196,4.0,1.6666666666666665,0.09999999999999999,0
Government,Mexico,Carretera,high,2579.0,3.0,20.0,51580.0,7221.2,44358.8,25790.0,18568.8,,4, April ,2014,18568.8,443588.0,88717.6,354870.4,221794.0,133076.4,0.04186046511627907,0.20930232558139533,0.41860465116279066,4.0,1.6666666666666667,0.1,0
Government,United States of America,Carretera,high,1743.0,3.0,20.0,34860.0,4880.4,29979.6,17430.0,12549.6,,5, May ,2014,12549.6,299796.0,59959.200000000004,239836.80000000002,149898.0,89938.8,0.04186046511627907,0.20930232558139533,0.4186046511627907,4.0,1.6666666666666665,0.09999999999999999,0
Government,United States of America,Carretera,high,2996.0,3.0,7.0,20972.0,2936.08,18035.92,14980.0,3055.92,,10, October ,2013,3055.92,180359.19999999998,36071.84,144287.36,90179.59999999999,54107.759999999995,0.016943521594684388,0.08471760797342194,0.16943521594684388,4.0,1.6666666666666667,0.1,1
Government,Germany,Carretera,high,280.0,3.0,7.0,1960.0,274.4,1685.6,1400.0,285.6,,12, December ,2014,285.6,16856.0,3371.2000000000003,13484.800000000001,8428.0,5056.8,0.016943521594684388,0.08471760797342193,0.16943521594684388,4.0,1.6666666666666665,0.09999999999999999,1
Government,France,Montana,high,293.0,5.0,7.0,2051.0,287.14,1763.86,1465.0,298.86,,2, February ,2014,298.86,17638.6,3527.72,14110.88,8819.3,5291.579999999999,0.016943521594684388,0.08471760797342194,0.16943521594684388,4.0,1.6666666666666667,0.1,1
Government,United States of America,Montana,high,2996.0,5.0,7.0,20972.0,2936.08,18035.92,14980.0,3055.92,,10, October ,2013,3055.92,180359.19999999998,36071.84,144287.36,90179.59999999999,54107.759999999995,0.016943521594684388,0.08471760797342194,0.16943521594684388,4.0,1.6666666666666667,0.1,1
Midmarket,Germany,Paseo,high,278.0,10.0,15.0,4170.0,583.8,3586.2,2780.0,806.2,,2, February ,2014,806.2,35862.0,7172.400000000001,28689.600000000002,17931.0,10758.6,0.02248062015503876,0.11240310077519379,0.2248062015503876,4.0,1.6666666666666665,0.09999999999999999,1
Government,Canada,Paseo,high,2428.0,10.0,20.0,48560.0,6798.4,41761.6,24280.0,17481.6,,3, March ,2014,17481.6,417616.0,83523.20000000001,334092.80000000005,208808.0,125284.79999999999,0.04186046511627907,0.2093023255813953,0.41860465116279066,4.0,1.6666666666666667,0.09999999999999999,0
Midmarket,United States of America,Paseo,high,1767.0,10.0,15.0,26505.0,3710.7,22794.3,17670.0,5124.3,,9, September ,2014,5124.3,227943.0,45588.600000000006,182354.40000000002,113971.5,68382.9,0.02248062015503876,0.11240310077519379,0.2248062015503876,4.0,1.6666666666666667,0.09999999999999999,1
Channel Partners,France,Paseo,high,1393.0,10.0,12.0,16716.0,2340.24,14375.76,4179.0,10196.76,,10, October ,2014,10196.76,143757.6,28751.520000000004,115006.08000000002,71878.8,43127.28,0.07093023255813953,0.35465116279069764,0.7093023255813954,4.0,1.6666666666666667,0.09999999999999999,0
Government,Germany,VTT,high,280.0,250.0,7.0,1960.0,274.4,1685.6,1400.0,285.6,,12, December ,2014,285.6,16856.0,3371.2000000000003,13484.800000000001,8428.0,5056.8,0.016943521594684388,0.08471760797342193,0.16943521594684388,4.0,1.6666666666666665,0.09999999999999999,1
Channel Partners,France,Amarilla,high,1393.0,260.0,12.0,16716.0,2340.24,14375.76,4179.0,10196.76,,10, October ,2014,10196.76,143757.6,28751.520000000004,115006.08000000002,71878.8,43127.28,0.07093023255813953,0.35465116279069764,0.7093023255813954,4.0,1.6666666666666667,0.09999999999999999,0
Channel Partners,United States of America,Amarilla,high,2015.0,260.0,12.0,24180.0,3385.2,20794.8,6045.0,14749.8,,12, December ,2013,14749.8,207948.0,41589.600000000006,166358.40000000002,103974.0,62384.399999999994,0.07093023255813953,0.3546511627906976,0.7093023255813954,4.0,1.6666666666666667,0.09999999999999999,0
Small Business,Mexico,Carretera,high,801.0,3.0,300.0,240300.0,33642.0,206658.0,200250.0,6408.0,,7, July ,2014,6408.0,2066580.0,413316.0,1653264.0,1033290.0,619974.0,0.0031007751937984496,0.015503875968992248,0.031007751937984496,4.0,1.6666666666666667,0.1,1
Enterprise,France,Carretera,high,1023.0,3.0,125.0,127875.0,17902.5,109972.5,122760.0,11106.1,,9, September ,2013,11106.1,1099725.0,219945.0,879780.0,549862.5,329917.5,0.010098979290277116,0.05049489645138557,0.10098979290277114,4.0,1.6666666666666667,0.1,1
Small Business,Canada,Carretera,high,1496.0,3.0,300.0,448800.0,62832.0,385968.0,374000.0,11968.0,,10, October ,2014,11968.0,3859680.0,771936.0,3087744.0,1929840.0,1157904.0,0.0031007751937984496,0.015503875968992248,0.031007751937984496,4.0,1.6666666666666667,0.1,1
Small Business,United States of America,Carretera,high,1010.0,3.0,300.0,303000.0,42420.0,260580.0,252500.0,8080.0,,10, October ,2014,8080.0,2605800.0,521160.0,2084640.0,1302900.0,781740.0,0.0031007751937984496,0.015503875968992248,0.031007751937984496,4.0,1.6666666666666667,0.1,1
Midmarket,Germany,Carretera,high,1513.0,3.0,15.0,22695.0,3177.3,19517.7,15130.0,4387.7,,11, November ,2014,4387.7,195177.0,39035.4,156141.6,97588.5,58553.1,0.02248062015503876,0.11240310077519379,0.22480620155038758,4.0,1.6666666666666667,0.1,1
Midmarket,Canada,Carretera,high,2300.0,3.0,15.0,34500.0,4830.0,29670.0,23000.0,6670.0,,12, December ,2014,6670.0,296700.0,59340.0,237360.0,148350.0,89010.0,0.02248062015503876,0.1124031007751938,0.2248062015503876,4.0,1.6666666666666667,0.1,1
Enterprise,Mexico,Carretera,high,2821.0,3.0,125.0,352625.0,49367.5,303257.5,338520.0,11106.1,,12, December ,2013,11106.1,3032575.0,606515.0,2426060.0,1516287.5,909772.5,0.003662267215155437,0.018311336075777188,0.036622672151554375,4.0,1.6666666666666667,0.1,1
Government,Canada,Montana,high,2227.5,5.0,350.0,779625.0,109147.5,670477.5,579150.0,91327.5,,1, January ,2014,91327.5,6704775.0,1340955.0,5363820.0,3352387.5,2011432.5,0.01362126245847176,0.0681063122923588,0.1362126245847176,4.0,1.6666666666666667,0.1,1
Government,Germany,Montana,high,1199.0,5.0,350.0,419650.0,58751.0,360899.0,311740.0,49159.0,,4, April ,2014,49159.0,3608990.0,721798.0,2887192.0,1804495.0,1082697.0,0.01362126245847176,0.0681063122923588,0.1362126245847176,4.0,1.6666666666666667,0.1,1
Government,Canada,Montana,high,200.0,5.0,350.0,70000.0,9800.0,60200.0,52000.0,8200.0,,5, May ,2014,8200.0,602000.0,120400.0,481600.0,301000.0,180600.0,0.01362126245847176,0.0681063122923588,0.1362126245847176,4.0,1.6666666666666667,0.1,1
Government,Canada,Montana,high,388.0,5.0,7.0,2716.0,380.24,2335.76,1940.0,395.76,,9, September ,2014,395.76,23357.600000000002,4671.52,18686.08,11678.800000000001,7007.280000000001,0.016943521594684385,0.08471760797342191,0.16943521594684383,4.0,1.6666666666666667,0.1,1
Government,Mexico,Montana,high,1727.0,5.0,7.0,12089.0,1692.46,10396.54,8635.0,1761.54,,10, October ,2013,1761.54,103965.40000000001,20793.08,83172.32,51982.700000000004,31189.620000000003,0.016943521594684385,0.08471760797342191,0.16943521594684383,4.0,1.6666666666666667,0.1,1
Midmarket,Canada,Montana,high,2300.0,5.0,15.0,34500.0,4830.0,29670.0,23000.0,6670.0,,12, December ,2014,6670.0,296700.0,59340.0,237360.0,148350.0,89010.0,0.02248062015503876,0.1124031007751938,0.2248062015503876,4.0,1.6666666666666667,0.1,1
Government,Mexico,Paseo,high,260.0,10.0,20.0,5200.0,728.0,4472.0,2600.0,1872.0,,2, February ,2014,1872.0,44720.0,8944.0,35776.0,22360.0,13416.0,0.04186046511627907,0.20930232558139536,0.4186046511627907,4.0,1.6666666666666667,0.1,0
Midmarket,Canada,Paseo,high,2470.0,10.0,15.0,37050.0,5187.0,31863.0,24700.0,7163.0,,9, September ,2013,7163.0,318630.0,63726.0,254904.0,159315.0,95589.0,0.02248062015503876,0.1124031007751938,0.2248062015503876,4.0,1.6666666666666667,0.1,1
Midmarket,Canada,Paseo,high,1743.0,10.0,15.0,26145.0,3660.3,22484.7,17430.0,5054.7,,10, October ,2013,5054.7,224847.0,44969.4,179877.6,112423.5,67454.09999999999,0.02248062015503876,0.11240310077519379,0.22480620155038758,4.0,1.666666666666667,0.1,1
Channel Partners,United States of America,Paseo,high,2914.0,10.0,12.0,34968.0,4895.52,30072.48,8742.0,21330.48,,10, October ,2014,21330.48,300724.8,60144.96,240579.84,150362.4,90217.43999999999,0.07093023255813953,0.3546511627906977,0.7093023255813954,4.0,1.6666666666666667,0.1,0
Government,France,Paseo,high,1731.0,10.0,7.0,12117.0,1696.38,10420.62,8655.0,1765.62,,10, October ,2014,1765.62,104206.20000000001,20841.240000000005,83364.96000000002,52103.100000000006,31261.86,0.01694352159468438,0.0847176079734219,0.16943521594684383,4.0,1.6666666666666667,0.09999999999999999,1
Government,Canada,Paseo,high,700.0,10.0,350.0,245000.0,34300.0,210700.0,182000.0,28700.0,,11, November ,2014,28700.0,2107000.0,421400.0,1685600.0,1053500.0,632100.0,0.01362126245847176,0.0681063122923588,0.1362126245847176,4.0,1.6666666666666667,0.1,1
Channel Partners,Canada,Paseo,high,2222.0,10.0,12.0,26664.0,3732.96,22931.04,6666.0,16265.04,,11, November ,2013,16265.04,229310.40000000002,45862.08000000001,183448.32000000004,114655.20000000001,68793.12000000001,0.07093023255813953,0.35465116279069764,0.7093023255813954,4.0,1.6666666666666665,0.09999999999999999,0
Government,United States of America,Paseo,high,1177.0,10.0,350.0,411950.0,57673.0,354277.0,306020.0,48257.0,,11, November ,2014,48257.0,3542770.0,708554.0,2834216.0,1771385.0,1062831.0,0.01362126245847176,0.0681063122923588,0.1362126245847176,4.0,1.6666666666666667,0.1,1
Government,France,Paseo,high,1922.0,10.0,350.0,672700.0,94178.0,578522.0,499720.0,78802.0,,11, November ,2013,78802.0,5785220.0,1157044.0,4628176.0,2892610.0,1735566.0,0.01362126245847176,0.0681063122923588,0.1362126245847176,4.0,1.6666666666666667,0.1,1
Enterprise,Mexico,Velo,high,1575.0,120.0,125.0,196875.0,27562.5,169312.5,189000.0,11106.1,,2, February ,2014,11106.1,1693125.0,338625.0,1354500.0,846562.5,507937.5,0.00655952750092285,0.03279763750461425,0.0655952750092285,4.0,1.6666666666666667,0.1,1
Government,United States of America,Velo,high,606.0,120.0,20.0,12120.0,1696.8,10423.2,6060.0,4363.2,,4, April ,2014,4363.2,104232.0,20846.4,83385.6,52116.0,31269.6,0.04186046511627907,0.20930232558139533,0.41860465116279066,4.0,1.6666666666666667,0.1,0
Small Business,United States of America,Velo,high,2460.0,120.0,300.0,738000.0,103320.0,634680.0,615000.0,19680.0,,7, July ,2014,19680.0,6346800.0,1269360.0,5077440.0,3173400.0,1904040.0,0.0031007751937984496,0.015503875968992248,0.031007751937984496,4.0,1.6666666666666667,0.1,1
Small Business,Canada,Velo,high,269.0,120.0,300.0,80700.0,11298.0,69402.0,67250.0,2152.0,,10, October ,2013,2152.0,694020.0,138804.0,555216.0,347010.0,208206.0,0.0031007751937984496,0.015503875968992248,0.031007751937984496,4.0,1.6666666666666667,0.1,1
Small Business,Germany,Velo,high,2536.0,120.0,300.0,760800.0,106512.0,654288.0,634000.0,20288.0,,11, November ,2013,20288.0,6542880.0,1308576.0,5234304.0,3271440.0,1962864.0,0.0031007751937984496,0.015503875968992248,0.031007751937984496,4.0,1.6666666666666667,0.1,1
Government,Mexico,VTT,high,2903.0,250.0,7.0,20321.0,2844.94,17476.06,14515.0,2961.06,,3, March ,2014,2961.06,174760.6,34952.12,139808.48,87380.3,52428.18,0.016943521594684385,0.08471760797342191,0.16943521594684383,4.0,1.6666666666666667,0.1,1
Small Business,United States of America,VTT,high,2541.0,250.0,300.0,762300.0,106722.0,655578.0,635250.0,20328.0,,8, August ,2014,20328.0,6555780.0,1311156.0,5244624.0,3277890.0,1966734.0,0.0031007751937984496,0.015503875968992248,0.031007751937984496,4.0,1.6666666666666667,0.1,1
Small Business,Canada,VTT,high,269.0,250.0,300.0,80700.0,11298.0,69402.0,67250.0,2152.0,,10, October ,2013,2152.0,694020.0,138804.0,555216.0,347010.0,208206.0,0.0031007751937984496,0.015503875968992248,0.031007751937984496,4.0,1.6666666666666667,0.1,1
Small Business,Canada,VTT,high,1496.0,250.0,300.0,448800.0,62832.0,385968.0,374000.0,11968.0,,10, October ,2014,11968.0,3859680.0,771936.0,3087744.0,1929840.0,1157904.0,0.0031007751937984496,0.015503875968992248,0.031007751937984496,4.0,1.6666666666666667,0.1,1
Small Business,United States of America,VTT,high,1010.0,250.0,300.0,303000.0,42420.0,260580.0,252500.0,8080.0,,10, October ,2014,8080.0,2605800.0,521160.0,2084640.0,1302900.0,781740.0,0.0031007751937984496,0.015503875968992248,0.031007751937984496,4.0,1.6666666666666667,0.1,1
Government,France,VTT,high,1281.0,250.0,350.0,448350.0,62769.0,385581.0,333060.0,52521.0,,12, December ,2013,52521.0,3855810.0,771162.0,3084648.0,1927905.0,1156743.0,0.01362126245847176,0.0681063122923588,0.1362126245847176,4.0,1.6666666666666667,0.1,1
Small Business,Canada,Amarilla,high,888.0,260.0,300.0,266400.0,37296.0,229104.0,222000.0,7104.0,,3, March ,2014,7104.0,2291040.0,458208.0,1832832.0,1145520.0,687312.0,0.0031007751937984496,0.015503875968992248,0.031007751937984496,4.0,1.6666666666666667,0.1,1
Enterprise,United States of America,Amarilla,high,2844.0,260.0,125.0,355500.0,49770.0,305730.0,341280.0,11106.1,,5, May ,2014,11106.1,3057300.0,611460.0,2445840.0,1528650.0,917190.0,0.003632649723612338,0.01816324861806169,0.03632649723612338,4.0,1.6666666666666667,0.1,1
Channel Partners,France,Amarilla,high,2475.0,260.0,12.0,29700.0,4158.0,25542.0,7425.0,18117.0,,8, August ,2014,18117.0,255420.0,51084.0,204336.0,127710.0,76626.0,0.07093023255813953,0.3546511627906977,0.7093023255813954,4.0,1.6666666666666667,0.1,0
Midmarket,Canada,Amarilla,high,1743.0,260.0,15.0,26145.0,3660.3,22484.7,17430.0,5054.7,,10, October ,2013,5054.7,224847.0,44969.4,179877.6,112423.5,67454.09999999999,0.02248062015503876,0.11240310077519379,0.22480620155038758,4.0,1.666666666666667,0.1,1
Channel Partners,United States of America,Amarilla,high,2914.0,260.0,12.0,34968.0,4895.52,30072.48,8742.0,21330.48,,10, October ,2014,21330.48,300724.8,60144.96,240579.84,150362.4,90217.43999999999,0.07093023255813953,0.3546511627906977,0.7093023255813954,4.0,1.6666666666666667,0.1,0
Government,France,Amarilla,high,1731.0,260.0,7.0,12117.0,1696.38,10420.62,8655.0,1765.62,,10, October ,2014,1765.62,104206.20000000001,20841.240000000005,83364.96000000002,52103.100000000006,31261.86,0.01694352159468438,0.0847176079734219,0.16943521594684383,4.0,1.6666666666666667,0.09999999999999999,1
Government,Mexico,Amarilla,high,1727.0,260.0,7.0,12089.0,1692.46,10396.54,8635.0,1761.54,,10, October ,2013,1761.54,103965.40000000001,20793.08,83172.32,51982.700000000004,31189.620000000003,0.016943521594684385,0.08471760797342191,0.16943521594684383,4.0,1.6666666666666667,0.1,1
Midmarket,Mexico,Amarilla,high,1870.0,260.0,15.0,28050.0,3927.0,24123.0,18700.0,5423.0,,11, November ,2013,5423.0,241230.0,48246.0,192984.0,120615.0,72369.0,0.02248062015503876,0.1124031007751938,0.2248062015503876,4.0,1.6666666666666667,0.1,1
Enterprise,France,Carretera,high,1174.0,3.0,125.0,146750.0,22012.5,124737.5,140880.0,11106.1,,8, August ,2014,11106.1,1247375.0,249475.0,997900.0,623687.5,374212.5,0.008903577512776832,0.04451788756388416,0.08903577512776832,4.0,1.6666666666666667,0.1,1
Enterprise,Germany,Carretera,high,2767.0,3.0,125.0,345875.0,51881.25,293993.75,332040.0,11106.1,,8, August ,2014,11106.1,2939937.5,587987.5,2351950.0,1469968.75,881981.25,0.0037776653415251176,0.018888326707625587,0.037776653415251174,4.0,1.6666666666666667,0.1,1
Enterprise,Germany,Carretera,high,1085.0,3.0,125.0,135625.0,20343.75,115281.25,130200.0,11106.1,,10, October ,2014,11106.1,1152812.5,230562.5,922250.0,576406.25,345843.75,0.009633917050691245,0.04816958525345622,0.09633917050691244,4.0,1.6666666666666667,0.1,1
Small Business,Mexico,Montana,high,546.0,5.0,300.0,163800.0,24570.0,139230.0,136500.0,2730.0,,10, October ,2014,2730.0,1392300.0,278460.0,1113840.0,696150.0,417690.0,0.00196078431372549,0.00980392156862745,0.0196078431372549,4.0,1.6666666666666667,0.1,1
Government,Germany,Paseo,high,1158.0,10.0,20.0,23160.0,3474.0,19686.0,11580.0,8106.0,,3, March ,2014,8106.0,196860.0,39372.0,157488.0,98430.0,59058.0,0.041176470588235294,0.20588235294117646,0.4117647058823529,4.0,1.6666666666666667,0.1,0
Midmarket,Canada,Paseo,high,1614.0,10.0,15.0,24210.0,3631.5,20578.5,16140.0,4438.5,,4, April ,2014,4438.5,205785.0,41157.0,164628.0,102892.5,61735.5,0.021568627450980392,0.10784313725490197,0.21568627450980393,4.0,1.6666666666666667,0.1,1
Government,Mexico,Paseo,high,2535.0,10.0,7.0,17745.0,2661.75,15083.25,12675.0,2408.25,,4, April ,2014,2408.25,150832.5,30166.5,120666.0,75416.25,45249.75,0.015966386554621848,0.07983193277310924,0.15966386554621848,4.0,1.6666666666666667,0.1,1
Government,Mexico,Paseo,high,2851.0,10.0,350.0,997850.0,149677.5,848172.5,741260.0,106912.5,,5, May ,2014,106912.5,8481725.0,1696345.0,6785380.0,4240862.5,2544517.5,0.012605042016806723,0.06302521008403361,0.12605042016806722,4.0,1.6666666666666667,0.1,1
Midmarket,Canada,Paseo,high,2559.0,10.0,15.0,38385.0,5757.75,32627.25,25590.0,7037.25,,8, August ,2014,7037.25,326272.5,65254.5,261018.0,163136.25,97881.75,0.021568627450980392,0.10784313725490197,0.21568627450980393,4.0,1.6666666666666667,0.1,1
Government,United States of America,Paseo,high,267.0,10.0,20.0,5340.0,801.0,4539.0,2670.0,1869.0,,10, October ,2013,1869.0,45390.0,9078.0,36312.0,22695.0,13617.0,0.041176470588235294,0.20588235294117646,0.4117647058823529,4.0,1.6666666666666667,0.1,0
Enterprise,Germany,Paseo,high,1085.0,10.0,125.0,135625.0,20343.75,115281.25,130200.0,11106.1,,10, October ,2014,11106.1,1152812.5,230562.5,922250.0,576406.25,345843.75,0.009633917050691245,0.04816958525345622,0.09633917050691244,4.0,1.6666666666666667,0.1,1
Midmarket,Germany,Paseo,high,1175.0,10.0,15.0,17625.0,2643.75,14981.25,11750.0,3231.25,,10, October ,2014,3231.25,149812.5,29962.5,119850.0,74906.25,44943.75,0.021568627450980392,0.10784313725490197,0.21568627450980393,4.0,1.6666666666666667,0.1,1
Government,United States of America,Paseo,high,2007.0,10.0,350.0,702450.0,105367.5,597082.5,521820.0,75262.5,,11, November ,2013,75262.5,5970825.0,1194165.0,4776660.0,2985412.5,1791247.5,0.012605042016806723,0.06302521008403361,0.12605042016806722,4.0,1.6666666666666667,0.1,1
Government,Mexico,Paseo,high,2151.0,10.0,350.0,752850.0,112927.5,639922.5,559260.0,80662.5,,11, November ,2013,80662.5,6399225.0,1279845.0,5119380.0,3199612.5,1919767.5,0.012605042016806723,0.06302521008403361,0.12605042016806722,4.0,1.6666666666666667,0.1,1
Channel Partners,United States of America,Paseo,high,914.0,10.0,12.0,10968.0,1645.2,9322.8,2742.0,6580.8,,12, December ,2014,6580.8,93228.0,18645.600000000002,74582.40000000001,46614.0,27968.399999999998,0.07058823529411765,0.3529411764705882,0.7058823529411765,4.0,1.6666666666666667,0.09999999999999999,0
Government,France,Paseo,high,293.0,10.0,20.0,5860.0,879.0,4981.0,2930.0,2051.0,,12, December ,2014,2051.0,49810.0,9962.0,39848.0,24905.0,14943.0,0.041176470588235294,0.20588235294117646,0.4117647058823529,4.0,1.6666666666666667,0.1,0
Channel Partners,Mexico,Velo,high,500.0,120.0,12.0,6000.0,900.0,5100.0,1500.0,3600.0,,3, March ,2014,3600.0,51000.0,10200.0,40800.0,25500.0,15300.0,0.07058823529411765,0.35294117647058826,0.7058823529411765,4.0,1.6666666666666667,0.1,0
Midmarket,France,Velo,high,2826.0,120.0,15.0,42390.0,6358.5,36031.5,28260.0,7771.5,,5, May ,2014,7771.5,360315.0,72063.0,288252.0,180157.5,108094.5,0.021568627450980392,0.10784313725490197,0.21568627450980393,4.0,1.6666666666666667,0.1,1
Enterprise,France,Velo,high,663.0,120.0,125.0,82875.0,12431.25,70443.75,79560.0,11106.1,,9, September ,2014,11106.1,704437.5,140887.5,563550.0,352218.75,211331.25,0.015765912518853696,0.07882956259426847,0.15765912518853695,4.0,1.6666666666666667,0.1,1
Small Business,United States of America,Velo,high,2574.0,120.0,300.0,772200.0,115830.0,656370.0,643500.0,12870.0,,11, November ,2013,12870.0,6563700.0,1312740.0,5250960.0,3281850.0,1969110.0,0.00196078431372549,0.00980392156862745,0.0196078431372549,4.0,1.6666666666666667,0.1,1
Enterprise,United States of America,Velo,high,2438.0,120.0,125.0,304750.0,45712.5,259037.5,292560.0,11106.1,,12, December ,2013,11106.1,2590375.0,518075.0,2072300.0,1295187.5,777112.5,0.004287448728465956,0.021437243642329778,0.042874487284659556,4.0,1.6666666666666667,0.1,1
Channel Partners,United States of America,Velo,high,914.0,120.0,12.0,10968.0,1645.2,9322.8,2742.0,6580.8,,12, December ,2014,6580.8,93228.0,18645.600000000002,74582.40000000001,46614.0,27968.399999999998,0.07058823529411765,0.3529411764705882,0.7058823529411765,4.0,1.6666666666666667,0.09999999999999999,0
Government,Canada,VTT,high,865.5,250.0,20.0,17310.0,2596.5,14713.5,8655.0,6058.5,,7, July ,2014,6058.5,147135.0,29427.0,117708.0,73567.5,44140.5,0.041176470588235294,0.20588235294117646,0.4117647058823529,4.0,1.6666666666666667,0.1,0
Midmarket,Germany,VTT,high,492.0,250.0,15.0,7380.0,1107.0,6273.0,4920.0,1353.0,,7, July ,2014,1353.0,62730.0,12546.0,50184.0,31365.0,18819.0,0.021568627450980392,0.10784313725490197,0.21568627450980393,4.0,1.6666666666666667,0.1,1
Government,United States of America,VTT,high,267.0,250.0,20.0,5340.0,801.0,4539.0,2670.0,1869.0,,10, October ,2013,1869.0,45390.0,9078.0,36312.0,22695.0,13617.0,0.041176470588235294,0.20588235294117646,0.4117647058823529,4.0,1.6666666666666667,0.1,0
Midmarket,Germany,VTT,high,1175.0,250.0,15.0,17625.0,2643.75,14981.25,11750.0,3231.25,,10, October ,2014,3231.25,149812.5,29962.5,119850.0,74906.25,44943.75,0.021568627450980392,0.10784313725490197,0.21568627450980393,4.0,1.6666666666666667,0.1,1
Enterprise,Canada,VTT,high,2954.0,250.0,125.0,369250.0,55387.5,313862.5,354480.0,11106.1,,11, November ,2013,11106.1,3138625.0,627725.0,2510900.0,1569312.5,941587.5,0.0035385240352065,0.0176926201760325,0.035385240352065,4.0,1.6666666666666667,0.1,1
Enterprise,Germany,VTT,high,552.0,250.0,125.0,69000.0,10350.0,58650.0,66240.0,11106.1,,11, November ,2014,11106.1,586500.0,117300.0,469200.0,293250.0,175950.0,0.01893623188405797,0.09468115942028986,0.18936231884057972,4.0,1.6666666666666667,0.1,1
Government,France,VTT,high,293.0,250.0,20.0,5860.0,879.0,4981.0,2930.0,2051.0,,12, December ,2014,2051.0,49810.0,9962.0,39848.0,24905.0,14943.0,0.041176470588235294,0.20588235294117646,0.4117647058823529,4.0,1.6666666666666667,0.1,0
Small Business,France,Amarilla,high,2475.0,260.0,300.0,742500.0,111375.0,631125.0,618750.0,12375.0,,3, March ,2014,12375.0,6311250.0,1262250.0,5049000.0,3155625.0,1893375.0,0.00196078431372549,0.00980392156862745,0.0196078431372549,4.0,1.6666666666666667,0.1,1
Small Business,Mexico,Amarilla,high,546.0,260.0,300.0,163800.0,24570.0,139230.0,136500.0,2730.0,,10, October ,2014,2730.0,1392300.0,278460.0,1113840.0,696150.0,417690.0,0.00196078431372549,0.00980392156862745,0.0196078431372549,4.0,1.6666666666666667,0.1,1
Government,Mexico,Montana,high,1368.0,5.0,7.0,9576.0,1436.4,8139.6,6840.0,1299.6,,2, February ,2014,1299.6,81396.0,16279.2,65116.8,40698.0,24418.8,0.015966386554621848,0.07983193277310924,0.15966386554621848,4.0,1.6666666666666667,0.1,1
Government,Canada,Paseo,high,723.0,10.0,7.0,5061.0,759.15,4301.85,3615.0,686.85,,4, April ,2014,686.85,43018.5,8603.7,34414.8,21509.25,12905.55,0.01596638655462185,0.07983193277310924,0.15966386554621848,4.0,1.6666666666666667,0.1,1
Channel Partners,United States of America,VTT,high,1806.0,250.0,12.0,21672.0,3250.8,18421.2,5418.0,13003.2,,5, May ,2014,13003.2,184212.0,36842.4,147369.6,92106.0,55263.6,0.07058823529411765,0.35294117647058826,0.7058823529411765,4.0,1.6666666666666667,0.1,0
